alg,dataset,image,mse,psnr,mssim
NONE,kodak,kodim01.png,8552.4551,8.8099,0.0721
NONE,kodak,kodim02.png,6263.7725,10.1624,0.0890
NONE,kodak,kodim03.png,7571.4697,9.3390,0.0518
NONE,kodak,kodim04.png,8184.7573,9.0007,0.0634
NONE,kodak,kodim05.png,5874.7002,10.4409,0.1229
NONE,kodak,kodim06.png,12904.0889,7.0235,0.0457
NONE,kodak,kodim07.png,8370.5420,8.9033,0.0560
NONE,kodak,kodim08.png,12458.2686,7.1762,0.0855
NONE,kodak,kodim09.png,12090.5615,7.3063,0.0313
NONE,kodak,kodim10.png,10397.4238,7.9615,0.0347
NONE,kodak,kodim11.png,6570.3203,9.9549,0.0864
NONE,kodak,kodim12.png,17295.6719,5.7514,0.0186
NONE,kodak,kodim13.png,8789.9541,8.6909,0.0896
NONE,kodak,kodim14.png,7053.5391,9.6467,0.0858
NONE,kodak,kodim15.png,12086.9375,7.3076,0.0911
NONE,kodak,kodim16.png,8007.2339,9.0960,0.0451
NONE,kodak,kodim17.png,5425.9985,10.7860,0.1207
NONE,kodak,kodim18.png,4127.3423,11.9741,0.1130
NONE,kodak,kodim19.png,9900.3701,8.1743,0.0552
NONE,kodak,kodim20.png,24526.3164,4.2345,0.0439
NONE,kodak,kodim21.png,10066.4355,8.1020,0.0531
NONE,kodak,kodim22.png,9107.9160,8.5366,0.0428
NONE,kodak,kodim23.png,9120.9775,8.5304,0.0461
NONE,kodak,kodim24.png,9360.1592,8.4180,0.0575
NONE,mcmaster,McMaster10.png,5889.7778,10.4298,0.2144
NONE,mcmaster,McMaster11.png,3945.7422,12.1695,0.2694
NONE,mcmaster,McMaster12.png,8993.3887,8.5916,0.0968
NONE,mcmaster,McMaster13.png,11403.2539,7.5605,0.0335
NONE,mcmaster,McMaster14.png,7185.8018,9.5661,0.1753
NONE,mcmaster,McMaster15.png,5360.3564,10.8389,0.2502
NONE,mcmaster,McMaster16.png,5797.7407,10.4982,0.2044
NONE,mcmaster,McMaster17.png,4029.7183,12.0781,0.2311
NONE,mcmaster,McMaster18.png,10346.5596,7.9828,0.1458
NONE,mcmaster,McMaster1.png,11362.0166,7.5762,0.1214
NONE,mcmaster,McMaster2.png,7343.6147,9.4717,0.1995
NONE,mcmaster,McMaster3.png,10319.2568,7.9943,0.1379
NONE,mcmaster,McMaster4.png,26912.1270,3.8313,0.0432
NONE,mcmaster,McMaster5.png,13109.2422,6.9550,0.0816
NONE,mcmaster,McMaster6.png,6807.6870,9.8008,0.0979
NONE,mcmaster,McMaster7.png,9388.2461,8.4050,0.1526
NONE,mcmaster,McMaster8.png,3332.9775,12.9025,0.4108
NONE,mcmaster,McMaster9.png,9459.3428,8.3722,0.1471
NEAREST_NEIGHBOR,kodak,jeniffer2-logs,,,
NEAREST_NEIGHBOR,kodak,kodim01.png,323.8814,23.0269,0.7082
NEAREST_NEIGHBOR,kodak,kodim02.png,68.4664,29.7760,0.8268
NEAREST_NEIGHBOR,kodak,kodim03.png,51.2590,31.0331,0.8964
NEAREST_NEIGHBOR,kodak,kodim04.png,72.0068,29.5571,0.8369
NEAREST_NEIGHBOR,kodak,kodim05.png,349.0566,22.7018,0.7647
NEAREST_NEIGHBOR,kodak,kodim06.png,218.8936,24.7285,0.7724
NEAREST_NEIGHBOR,kodak,kodim07.png,93.6022,28.4179,0.8927
NEAREST_NEIGHBOR,kodak,kodim08.png,663.7882,19.9105,0.7053
NEAREST_NEIGHBOR,kodak,kodim09.png,101.2876,28.0752,0.8623
NEAREST_NEIGHBOR,kodak,kodim10.png,102.5147,28.0229,0.8476
NEAREST_NEIGHBOR,kodak,kodim11.png,166.1657,25.9254,0.7899
NEAREST_NEIGHBOR,kodak,kodim12.png,78.3632,29.1897,0.8561
NEAREST_NEIGHBOR,kodak,kodim13.png,515.8722,21.0054,0.6515
NEAREST_NEIGHBOR,kodak,kodim14.png,184.4219,25.4727,0.7767
NEAREST_NEIGHBOR,kodak,kodim15.png,121.5883,27.2819,0.8448
NEAREST_NEIGHBOR,kodak,kodim16.png,86.2999,28.7707,0.8238
NEAREST_NEIGHBOR,kodak,kodim17.png,100.6435,28.1029,0.8576
NEAREST_NEIGHBOR,kodak,kodim18.png,234.9253,24.4215,0.7630
NEAREST_NEIGHBOR,kodak,kodim19.png,231.3971,24.4872,0.7920
NEAREST_NEIGHBOR,kodak,kodim20.png,111.4180,27.6612,0.8647
NEAREST_NEIGHBOR,kodak,kodim21.png,195.4296,25.2209,0.8159
NEAREST_NEIGHBOR,kodak,kodim22.png,131.8417,26.9303,0.7909
NEAREST_NEIGHBOR,kodak,kodim23.png,57.2465,30.5533,0.9096
NEAREST_NEIGHBOR,kodak,kodim24.png,287.5272,23.5440,0.7748
NEAREST_NEIGHBOR,mcmaster,jeniffer2-logs,,,
NEAREST_NEIGHBOR,mcmaster,McMaster10.png,71.2465,29.6032,0.8800
NEAREST_NEIGHBOR,mcmaster,McMaster11.png,52.7451,30.9090,0.8929
NEAREST_NEIGHBOR,mcmaster,McMaster12.png,106.1371,27.8721,0.8716
NEAREST_NEIGHBOR,mcmaster,McMaster13.png,41.1339,31.9888,0.9021
NEAREST_NEIGHBOR,mcmaster,McMaster14.png,46.7833,31.4299,0.8890
NEAREST_NEIGHBOR,mcmaster,McMaster15.png,49.5388,31.1814,0.8880
NEAREST_NEIGHBOR,mcmaster,McMaster16.png,170.1970,25.8213,0.8185
NEAREST_NEIGHBOR,mcmaster,McMaster17.png,135.8640,26.7998,0.8443
NEAREST_NEIGHBOR,mcmaster,McMaster18.png,233.1442,24.4546,0.8103
NEAREST_NEIGHBOR,mcmaster,McMaster1.png,362.4413,22.5384,0.7541
NEAREST_NEIGHBOR,mcmaster,McMaster2.png,152.9741,26.2846,0.8229
NEAREST_NEIGHBOR,mcmaster,McMaster3.png,411.8585,21.9833,0.7862
NEAREST_NEIGHBOR,mcmaster,McMaster4.png,387.4755,22.2484,0.8589
NEAREST_NEIGHBOR,mcmaster,McMaster5.png,139.8783,26.6733,0.8418
NEAREST_NEIGHBOR,mcmaster,McMaster6.png,74.1622,29.4290,0.8751
NEAREST_NEIGHBOR,mcmaster,McMaster7.png,153.3477,26.2740,0.7733
NEAREST_NEIGHBOR,mcmaster,McMaster8.png,155.5333,26.2126,0.8814
NEAREST_NEIGHBOR,mcmaster,McMaster9.png,123.7368,27.2058,0.8746
BILINEAR_MEAN,kodak,jeniffer2-logs,,,
BILINEAR_MEAN,kodak,kodim01.png,155.6636,26.2089,0.8078
BILINEAR_MEAN,kodak,kodim02.png,30.1688,33.3352,0.8979
BILINEAR_MEAN,kodak,kodim03.png,23.4744,34.4249,0.9329
BILINEAR_MEAN,kodak,kodim04.png,27.8876,33.6767,0.9119
BILINEAR_MEAN,kodak,kodim05.png,138.3699,26.7204,0.8785
BILINEAR_MEAN,kodak,kodim06.png,109.6524,27.7306,0.8473
BILINEAR_MEAN,kodak,kodim07.png,29.2658,33.4672,0.9537
BILINEAR_MEAN,kodak,kodim08.png,278.1394,23.6882,0.8257
BILINEAR_MEAN,kodak,kodim09.png,36.6320,32.4922,0.9203
BILINEAR_MEAN,kodak,kodim10.png,37.6540,32.3727,0.9198
BILINEAR_MEAN,kodak,kodim11.png,76.1038,29.3167,0.8692
BILINEAR_MEAN,kodak,kodim12.png,33.4731,32.8838,0.9078
BILINEAR_MEAN,kodak,kodim13.png,263.3543,23.9254,0.7721
BILINEAR_MEAN,kodak,kodim14.png,74.8916,29.3865,0.8718
BILINEAR_MEAN,kodak,kodim15.png,45.4943,31.5512,0.9153
BILINEAR_MEAN,kodak,kodim16.png,47.3037,31.3819,0.8771
BILINEAR_MEAN,kodak,kodim17.png,40.8002,32.0242,0.9258
BILINEAR_MEAN,kodak,kodim18.png,103.1896,27.9944,0.8686
BILINEAR_MEAN,kodak,kodim19.png,99.5131,28.1520,0.8725
BILINEAR_MEAN,kodak,kodim20.png,43.9084,31.7053,0.9186
BILINEAR_MEAN,kodak,kodim21.png,89.3277,28.6209,0.8885
BILINEAR_MEAN,kodak,kodim22.png,56.4214,30.6164,0.8841
BILINEAR_MEAN,kodak,kodim23.png,19.6016,35.2079,0.9558
BILINEAR_MEAN,kodak,kodim24.png,137.6482,26.7431,0.8760
BILINEAR_MEAN,mcmaster,jeniffer2-logs,,,
BILINEAR_MEAN,mcmaster,McMaster10.png,19.1827,35.3017,0.9495
BILINEAR_MEAN,mcmaster,McMaster11.png,14.5935,36.4892,0.9541
BILINEAR_MEAN,mcmaster,McMaster12.png,34.1732,32.7939,0.9374
BILINEAR_MEAN,mcmaster,McMaster13.png,12.2817,37.2382,0.9474
BILINEAR_MEAN,mcmaster,McMaster14.png,16.2462,36.0233,0.9419
BILINEAR_MEAN,mcmaster,McMaster15.png,14.3456,36.5636,0.9452
BILINEAR_MEAN,mcmaster,McMaster16.png,50.8485,31.0680,0.9223
BILINEAR_MEAN,mcmaster,McMaster17.png,35.8838,32.5818,0.9393
BILINEAR_MEAN,mcmaster,McMaster18.png,72.0813,29.5526,0.9027
BILINEAR_MEAN,mcmaster,McMaster1.png,126.8333,27.0985,0.8712
BILINEAR_MEAN,mcmaster,McMaster2.png,50.8394,31.0688,0.9067
BILINEAR_MEAN,mcmaster,McMaster3.png,148.5814,26.4112,0.8945
BILINEAR_MEAN,mcmaster,McMaster4.png,97.5516,28.2385,0.9499
BILINEAR_MEAN,mcmaster,McMaster5.png,41.3827,31.9626,0.9291
BILINEAR_MEAN,mcmaster,McMaster6.png,16.2715,36.0165,0.9553
BILINEAR_MEAN,mcmaster,McMaster7.png,61.4959,30.2423,0.8712
BILINEAR_MEAN,mcmaster,McMaster8.png,52.3043,30.9454,0.9408
BILINEAR_MEAN,mcmaster,McMaster9.png,34.4911,32.7537,0.9434
BILINEAR_MEDIAN,kodak,jeniffer2-logs,,,
BILINEAR_MEDIAN,kodak,kodim01.png,152.9528,26.2852,0.8090
BILINEAR_MEDIAN,kodak,kodim02.png,29.6738,33.4071,0.8984
BILINEAR_MEDIAN,kodak,kodim03.png,22.2076,34.6658,0.9342
BILINEAR_MEDIAN,kodak,kodim04.png,27.2091,33.7837,0.9115
BILINEAR_MEDIAN,kodak,kodim05.png,128.4899,27.0421,0.8845
BILINEAR_MEDIAN,kodak,kodim06.png,107.6483,27.8107,0.8490
BILINEAR_MEDIAN,kodak,kodim07.png,26.5450,33.8910,0.9562
BILINEAR_MEDIAN,kodak,kodim08.png,267.4176,23.8589,0.8300
BILINEAR_MEDIAN,kodak,kodim09.png,34.4336,32.7610,0.9215
BILINEAR_MEDIAN,kodak,kodim10.png,35.8861,32.5815,0.9221
BILINEAR_MEDIAN,kodak,kodim11.png,74.2035,29.4266,0.8712
BILINEAR_MEDIAN,kodak,kodim12.png,31.6272,33.1302,0.9088
BILINEAR_MEDIAN,kodak,kodim13.png,264.1175,23.9128,0.7710
BILINEAR_MEDIAN,kodak,kodim14.png,72.1282,29.5498,0.8735
BILINEAR_MEDIAN,kodak,kodim15.png,43.0537,31.7907,0.9151
BILINEAR_MEDIAN,kodak,kodim16.png,46.6537,31.4419,0.8783
BILINEAR_MEDIAN,kodak,kodim17.png,39.1101,32.2079,0.9275
BILINEAR_MEDIAN,kodak,kodim18.png,103.3712,27.9868,0.8683
BILINEAR_MEDIAN,kodak,kodim19.png,94.6081,28.3715,0.8736
BILINEAR_MEDIAN,kodak,kodim20.png,40.6426,32.0410,0.9198
BILINEAR_MEDIAN,kodak,kodim21.png,87.9978,28.6861,0.8890
BILINEAR_MEDIAN,kodak,kodim22.png,55.5721,30.6822,0.8835
BILINEAR_MEDIAN,kodak,kodim23.png,18.2650,35.5146,0.9560
BILINEAR_MEDIAN,kodak,kodim24.png,138.6179,26.7126,0.8780
BILINEAR_MEDIAN,mcmaster,jeniffer2-logs,,,
BILINEAR_MEDIAN,mcmaster,McMaster10.png,17.8756,35.6082,0.9509
BILINEAR_MEDIAN,mcmaster,McMaster11.png,13.9826,36.6749,0.9545
BILINEAR_MEDIAN,mcmaster,McMaster12.png,31.9744,33.0828,0.9395
BILINEAR_MEDIAN,mcmaster,McMaster13.png,11.2459,37.6208,0.9479
BILINEAR_MEDIAN,mcmaster,McMaster14.png,15.1806,36.3179,0.9423
BILINEAR_MEDIAN,mcmaster,McMaster15.png,13.2857,36.8970,0.9457
BILINEAR_MEDIAN,mcmaster,McMaster16.png,48.6452,31.2604,0.9241
BILINEAR_MEDIAN,mcmaster,McMaster17.png,33.7911,32.8428,0.9409
BILINEAR_MEDIAN,mcmaster,McMaster18.png,66.3353,29.9134,0.9048
BILINEAR_MEDIAN,mcmaster,McMaster1.png,118.9215,27.3782,0.8741
BILINEAR_MEDIAN,mcmaster,McMaster2.png,47.7456,31.3415,0.9080
BILINEAR_MEDIAN,mcmaster,McMaster3.png,141.8064,26.6138,0.8986
BILINEAR_MEDIAN,mcmaster,McMaster4.png,83.5620,28.9107,0.9555
BILINEAR_MEDIAN,mcmaster,McMaster5.png,38.5957,32.2654,0.9304
BILINEAR_MEDIAN,mcmaster,McMaster6.png,15.2938,36.2856,0.9559
BILINEAR_MEDIAN,mcmaster,McMaster7.png,61.2529,30.2595,0.8702
BILINEAR_MEDIAN,mcmaster,McMaster8.png,50.6353,31.0863,0.9418
BILINEAR_MEDIAN,mcmaster,McMaster9.png,31.0416,33.2114,0.9456
BICUBIC,kodak,jeniffer2-logs,,,
BICUBIC,kodak,kodim01.png,165.4199,25.9449,0.8023
BICUBIC,kodak,kodim02.png,33.7025,32.8542,0.8896
BICUBIC,kodak,kodim03.png,24.3524,34.2654,0.9289
BICUBIC,kodak,kodim04.png,27.0936,33.8021,0.9104
BICUBIC,kodak,kodim05.png,136.4164,26.7821,0.8836
BICUBIC,kodak,kodim06.png,118.6487,27.3882,0.8395
BICUBIC,kodak,kodim07.png,26.2526,33.9391,0.9552
BICUBIC,kodak,kodim08.png,296.8280,23.4058,0.8177
BICUBIC,kodak,kodim09.png,36.1457,32.5502,0.9136
BICUBIC,kodak,kodim10.png,37.8392,32.3514,0.9143
BICUBIC,kodak,kodim11.png,84.1825,28.8786,0.8608
BICUBIC,kodak,kodim12.png,31.4737,33.1513,0.9014
BICUBIC,kodak,kodim13.png,295.7881,23.4210,0.7634
BICUBIC,kodak,kodim14.png,78.5327,29.1803,0.8710
BICUBIC,kodak,kodim15.png,39.2544,32.1919,0.9098
BICUBIC,kodak,kodim16.png,53.5714,30.8415,0.8695
BICUBIC,kodak,kodim17.png,41.3847,31.9624,0.9235
BICUBIC,kodak,kodim18.png,108.9690,27.7578,0.8685
BICUBIC,kodak,kodim19.png,104.0969,27.9564,0.8675
BICUBIC,kodak,kodim20.png,46.3945,31.4661,0.9119
BICUBIC,kodak,kodim21.png,97.1583,28.2560,0.8833
BICUBIC,kodak,kodim22.png,60.4379,30.3177,0.8814
BICUBIC,kodak,kodim23.png,17.3597,35.7354,0.9532
BICUBIC,kodak,kodim24.png,147.9593,26.4294,0.8757
BICUBIC,mcmaster,jeniffer2-logs,,,
BICUBIC,mcmaster,McMaster10.png,16.6796,35.9089,0.9518
BICUBIC,mcmaster,McMaster11.png,13.4176,36.8540,0.9544
BICUBIC,mcmaster,McMaster12.png,32.1916,33.0534,0.9353
BICUBIC,mcmaster,McMaster13.png,10.9808,37.7245,0.9418
BICUBIC,mcmaster,McMaster14.png,15.9704,36.0976,0.9381
BICUBIC,mcmaster,McMaster15.png,13.3434,36.8781,0.9422
BICUBIC,mcmaster,McMaster16.png,41.2852,31.9729,0.9334
BICUBIC,mcmaster,McMaster17.png,28.8953,33.5225,0.9475
BICUBIC,mcmaster,McMaster18.png,64.8122,30.0142,0.9023
BICUBIC,mcmaster,McMaster1.png,123.7612,27.2050,0.8729
BICUBIC,mcmaster,McMaster2.png,50.0422,31.1374,0.9033
BICUBIC,mcmaster,McMaster3.png,140.8830,26.6422,0.8992
BICUBIC,mcmaster,McMaster4.png,75.8266,29.3326,0.9555
BICUBIC,mcmaster,McMaster5.png,37.9679,32.3366,0.9303
BICUBIC,mcmaster,McMaster6.png,12.1743,37.2763,0.9601
BICUBIC,mcmaster,McMaster7.png,66.6329,29.8939,0.8666
BICUBIC,mcmaster,McMaster8.png,46.9762,31.4120,0.9398
BICUBIC,mcmaster,McMaster9.png,27.7707,33.6949,0.9440
MalvarHeCutler,kodak,jeniffer2-logs,,,
MalvarHeCutler,kodak,kodim01.png,41.5060,31.9497,0.9566
MalvarHeCutler,kodak,kodim02.png,10.8296,37.7847,0.9635
MalvarHeCutler,kodak,kodim03.png,7.7645,39.2297,0.9780
MalvarHeCutler,kodak,kodim04.png,8.3816,38.8975,0.9736
MalvarHeCutler,kodak,kodim05.png,30.3100,33.3149,0.9740
MalvarHeCutler,kodak,kodim06.png,32.1786,33.0551,0.9618
MalvarHeCutler,kodak,kodim07.png,7.9272,39.1396,0.9841
MalvarHeCutler,kodak,kodim08.png,77.5737,29.2337,0.9561
MalvarHeCutler,kodak,kodim09.png,10.3202,37.9939,0.9732
MalvarHeCutler,kodak,kodim10.png,9.2858,38.4526,0.9751
MalvarHeCutler,kodak,kodim11.png,21.6658,34.7731,0.9653
MalvarHeCutler,kodak,kodim12.png,9.8638,38.1904,0.9726
MalvarHeCutler,kodak,kodim13.png,71.7492,29.5726,0.9482
MalvarHeCutler,kodak,kodim14.png,23.6542,34.3917,0.9659
MalvarHeCutler,kodak,kodim15.png,14.6454,36.4738,0.9680
MalvarHeCutler,kodak,kodim16.png,14.9848,36.3743,0.9672
MalvarHeCutler,kodak,kodim17.png,11.0273,37.7061,0.9782
MalvarHeCutler,kodak,kodim18.png,27.8438,33.6835,0.9657
MalvarHeCutler,kodak,kodim19.png,27.6589,33.7125,0.9658
MalvarHeCutler,kodak,kodim20.png,12.6225,37.1193,0.9668
MalvarHeCutler,kodak,kodim21.png,24.9608,34.1582,0.9669
MalvarHeCutler,kodak,kodim22.png,18.3227,35.5009,0.9640
MalvarHeCutler,kodak,kodim23.png,5.2388,40.9385,0.9809
MalvarHeCutler,kodak,kodim24.png,39.9463,32.1160,0.9692
MalvarHeCutler,mcmaster,jeniffer2-logs,,,
MalvarHeCutler,mcmaster,McMaster10.png,13.0807,36.9645,0.9542
MalvarHeCutler,mcmaster,McMaster11.png,10.5682,37.8908,0.9478
MalvarHeCutler,mcmaster,McMaster12.png,15.6522,36.1851,0.9498
MalvarHeCutler,mcmaster,McMaster13.png,8.6381,38.7666,0.9419
MalvarHeCutler,mcmaster,McMaster14.png,12.4333,37.1849,0.9417
MalvarHeCutler,mcmaster,McMaster15.png,11.4224,37.5532,0.9374
MalvarHeCutler,mcmaster,McMaster16.png,45.4612,31.5544,0.9110
MalvarHeCutler,mcmaster,McMaster17.png,47.2911,31.3830,0.9037
MalvarHeCutler,mcmaster,McMaster18.png,31.5197,33.1450,0.9402
MalvarHeCutler,mcmaster,McMaster1.png,115.3419,27.5109,0.8731
MalvarHeCutler,mcmaster,McMaster2.png,30.8602,33.2368,0.9187
MalvarHeCutler,mcmaster,McMaster3.png,48.2435,31.2964,0.9515
MalvarHeCutler,mcmaster,McMaster4.png,25.9037,33.9972,0.9800
MalvarHeCutler,mcmaster,McMaster5.png,39.8513,32.1264,0.9194
MalvarHeCutler,mcmaster,McMaster6.png,19.9127,35.1395,0.9377
MalvarHeCutler,mcmaster,McMaster7.png,20.3535,35.0444,0.9551
MalvarHeCutler,mcmaster,McMaster8.png,16.2772,36.0150,0.9614
MalvarHeCutler,mcmaster,McMaster9.png,19.6220,35.2034,0.9401
HAMILTON_ADAMS,kodak,jeniffer2-logs,,,
HAMILTON_ADAMS,kodak,kodim01.png,26.3976,33.9152,0.9655
HAMILTON_ADAMS,kodak,kodim02.png,7.0702,39.6365,0.9717
HAMILTON_ADAMS,kodak,kodim03.png,5.7482,40.5355,0.9799
HAMILTON_ADAMS,kodak,kodim04.png,7.8377,39.1889,0.9725
HAMILTON_ADAMS,kodak,kodim05.png,21.3400,34.8389,0.9796
HAMILTON_ADAMS,kodak,kodim06.png,20.3879,35.0371,0.9703
HAMILTON_ADAMS,kodak,kodim07.png,5.4243,40.7873,0.9864
HAMILTON_ADAMS,kodak,kodim08.png,37.4524,32.3960,0.9694
HAMILTON_ADAMS,kodak,kodim09.png,6.0603,40.3059,0.9748
HAMILTON_ADAMS,kodak,kodim10.png,6.5101,39.9949,0.9781
HAMILTON_ADAMS,kodak,kodim11.png,14.8509,36.4133,0.9738
HAMILTON_ADAMS,kodak,kodim12.png,5.2213,40.9530,0.9784
HAMILTON_ADAMS,kodak,kodim13.png,65.6374,29.9593,0.9490
HAMILTON_ADAMS,kodak,kodim14.png,17.5865,35.6790,0.9720
HAMILTON_ADAMS,kodak,kodim15.png,10.6364,37.8629,0.9690
HAMILTON_ADAMS,kodak,kodim16.png,8.8334,38.6695,0.9753
HAMILTON_ADAMS,kodak,kodim17.png,8.7987,38.6866,0.9793
HAMILTON_ADAMS,kodak,kodim18.png,25.5426,34.0581,0.9663
HAMILTON_ADAMS,kodak,kodim19.png,11.7005,37.4487,0.9701
HAMILTON_ADAMS,kodak,kodim20.png,9.3165,38.4383,0.9693
HAMILTON_ADAMS,kodak,kodim21.png,18.4825,35.4632,0.9696
HAMILTON_ADAMS,kodak,kodim22.png,14.3945,36.5488,0.9646
HAMILTON_ADAMS,kodak,kodim23.png,4.1932,41.9053,0.9813
HAMILTON_ADAMS,kodak,kodim24.png,40.1608,32.0928,0.9737
HAMILTON_ADAMS,mcmaster,jeniffer2-logs,,,
HAMILTON_ADAMS,mcmaster,McMaster10.png,12.5388,37.1482,0.9565
HAMILTON_ADAMS,mcmaster,McMaster11.png,10.9278,37.7455,0.9460
HAMILTON_ADAMS,mcmaster,McMaster12.png,12.5131,37.1572,0.9537
HAMILTON_ADAMS,mcmaster,McMaster13.png,7.1160,39.6084,0.9483
HAMILTON_ADAMS,mcmaster,McMaster14.png,10.9476,37.7376,0.9465
HAMILTON_ADAMS,mcmaster,McMaster15.png,10.8437,37.7790,0.9418
HAMILTON_ADAMS,mcmaster,McMaster16.png,48.1386,31.3059,0.8992
HAMILTON_ADAMS,mcmaster,McMaster17.png,53.4932,30.8478,0.9066
HAMILTON_ADAMS,mcmaster,McMaster18.png,27.0599,33.8075,0.9397
HAMILTON_ADAMS,mcmaster,McMaster1.png,109.9952,27.7171,0.8801
HAMILTON_ADAMS,mcmaster,McMaster2.png,26.1119,33.9624,0.9291
HAMILTON_ADAMS,mcmaster,McMaster3.png,42.9890,31.7972,0.9552
HAMILTON_ADAMS,mcmaster,McMaster4.png,20.8674,34.9361,0.9838
HAMILTON_ADAMS,mcmaster,McMaster5.png,36.7152,32.4823,0.9271
HAMILTON_ADAMS,mcmaster,McMaster6.png,19.3934,35.2543,0.9382
HAMILTON_ADAMS,mcmaster,McMaster7.png,19.2037,35.2969,0.9556
HAMILTON_ADAMS,mcmaster,McMaster8.png,13.5890,36.7989,0.9658
HAMILTON_ADAMS,mcmaster,McMaster9.png,18.4434,35.4724,0.9468
PPG,kodak,jeniffer2-logs,,,
PPG,kodak,kodim01.png,63.2893,30.1175,0.9133
PPG,kodak,kodim02.png,15.0003,36.3698,0.9447
PPG,kodak,kodim03.png,10.9177,37.7495,0.9640
PPG,kodak,kodim04.png,14.6300,36.4784,0.9475
PPG,kodak,kodim05.png,49.9855,31.1424,0.9531
PPG,kodak,kodim06.png,47.1760,31.3936,0.9309
PPG,kodak,kodim07.png,10.1689,38.0581,0.9778
PPG,kodak,kodim08.png,96.1875,28.2996,0.9278
PPG,kodak,kodim09.png,13.0426,36.9772,0.9546
PPG,kodak,kodim10.png,13.5008,36.8272,0.9600
PPG,kodak,kodim11.png,33.7495,32.8481,0.9397
PPG,kodak,kodim12.png,12.0308,37.3279,0.9541
PPG,kodak,kodim13.png,143.5117,26.5619,0.8798
PPG,kodak,kodim14.png,34.7205,32.7249,0.9392
PPG,kodak,kodim15.png,19.9215,35.1376,0.9457
PPG,kodak,kodim16.png,21.0509,34.8981,0.9431
PPG,kodak,kodim17.png,18.0911,35.5562,0.9612
PPG,kodak,kodim18.png,55.2066,30.7109,0.9300
PPG,kodak,kodim19.png,31.9523,33.0858,0.9355
PPG,kodak,kodim20.png,17.9812,35.5826,0.9507
PPG,kodak,kodim21.png,39.8764,32.1236,0.9410
PPG,kodak,kodim22.png,27.5614,33.7278,0.9346
PPG,kodak,kodim23.png,8.3086,38.9355,0.9704
PPG,kodak,kodim24.png,76.9465,29.2689,0.9434
PPG,mcmaster,jeniffer2-logs,,,
PPG,mcmaster,McMaster10.png,12.2106,37.2634,0.9615
PPG,mcmaster,McMaster11.png,10.2255,38.0339,0.9596
PPG,mcmaster,McMaster12.png,13.5985,36.7959,0.9580
PPG,mcmaster,McMaster13.png,6.5069,39.9970,0.9521
PPG,mcmaster,McMaster14.png,10.6673,37.8503,0.9497
PPG,mcmaster,McMaster15.png,9.8228,38.2085,0.9495
PPG,mcmaster,McMaster16.png,32.6419,32.9931,0.9404
PPG,mcmaster,McMaster17.png,35.5705,32.6199,0.9410
PPG,mcmaster,McMaster18.png,28.3321,33.6080,0.9434
PPG,mcmaster,McMaster1.png,96.6229,28.2800,0.8982
PPG,mcmaster,McMaster2.png,28.9321,33.5170,0.9301
PPG,mcmaster,McMaster3.png,68.2965,29.7868,0.9448
PPG,mcmaster,McMaster4.png,26.9777,33.8208,0.9807
PPG,mcmaster,McMaster5.png,29.1450,33.4852,0.9429
PPG,mcmaster,McMaster6.png,12.2569,37.2470,0.9594
PPG,mcmaster,McMaster7.png,36.1490,32.5498,0.9199
PPG,mcmaster,McMaster8.png,22.7368,34.5635,0.9612
PPG,mcmaster,McMaster9.png,16.9311,35.8440,0.9561
RCD,kodak,jeniffer2-logs,,,
RCD,kodak,kodim01.png,30.1668,33.3355,0.9577
RCD,kodak,kodim02.png,7.4203,39.4266,0.9696
RCD,kodak,kodim03.png,5.3527,40.8451,0.9806
RCD,kodak,kodim04.png,8.4412,38.8668,0.9688
RCD,kodak,kodim05.png,23.2993,34.4574,0.9774
RCD,kodak,kodim06.png,18.7029,35.4117,0.9707
RCD,kodak,kodim07.png,5.0801,41.0721,0.9864
RCD,kodak,kodim08.png,35.4581,32.6336,0.9676
RCD,kodak,kodim09.png,6.3337,40.1142,0.9727
RCD,kodak,kodim10.png,6.5744,39.9522,0.9760
RCD,kodak,kodim11.png,16.0970,36.0634,0.9723
RCD,kodak,kodim12.png,5.3955,40.8105,0.9770
RCD,kodak,kodim13.png,77.0365,29.2638,0.9362
RCD,kodak,kodim14.png,17.9664,35.5862,0.9694
RCD,kodak,kodim15.png,11.2147,37.6329,0.9662
RCD,kodak,kodim16.png,7.8111,39.2037,0.9760
RCD,kodak,kodim17.png,10.0917,38.0911,0.9763
RCD,kodak,kodim18.png,28.5658,33.5723,0.9605
RCD,kodak,kodim19.png,12.3635,37.2094,0.9658
RCD,kodak,kodim20.png,9.6173,38.3003,0.9676
RCD,kodak,kodim21.png,19.9902,35.1226,0.9661
RCD,kodak,kodim22.png,15.7046,36.1705,0.9603
RCD,kodak,kodim23.png,4.3422,41.7537,0.9804
RCD,kodak,kodim24.png,43.0460,31.7915,0.9701
RCD,mcmaster,jeniffer2-logs,,,
RCD,mcmaster,McMaster10.png,8.9534,38.6109,0.9667
RCD,mcmaster,McMaster11.png,7.8602,39.1765,0.9603
RCD,mcmaster,McMaster12.png,9.8622,38.1911,0.9614
RCD,mcmaster,McMaster13.png,5.3848,40.8191,0.9559
RCD,mcmaster,McMaster14.png,8.8368,38.6679,0.9552
RCD,mcmaster,McMaster15.png,8.4349,38.8700,0.9520
RCD,mcmaster,McMaster16.png,28.4986,33.5826,0.9325
RCD,mcmaster,McMaster17.png,33.4478,32.8871,0.9415
RCD,mcmaster,McMaster18.png,21.5973,34.7868,0.9497
RCD,mcmaster,McMaster1.png,81.5632,29.0159,0.9066
RCD,mcmaster,McMaster2.png,21.8430,34.7377,0.9404
RCD,mcmaster,McMaster3.png,39.3577,32.1805,0.9609
RCD,mcmaster,McMaster4.png,12.9533,37.0070,0.9878
RCD,mcmaster,McMaster5.png,25.4836,34.0682,0.9472
RCD,mcmaster,McMaster6.png,10.5177,37.9116,0.9606
RCD,mcmaster,McMaster7.png,21.7624,34.7537,0.9496
RCD,mcmaster,McMaster8.png,13.4796,36.8340,0.9682
RCD,mcmaster,McMaster9.png,11.5710,37.4971,0.9613
RCD_REWRITE,kodak,jeniffer2-logs,,,
RCD_REWRITE,kodak,kodim01.png,30.1668,33.3355,0.9577
RCD_REWRITE,kodak,kodim02.png,7.4203,39.4266,0.9696
RCD_REWRITE,kodak,kodim03.png,5.3527,40.8451,0.9806
RCD_REWRITE,kodak,kodim04.png,8.4412,38.8668,0.9688
RCD_REWRITE,kodak,kodim05.png,23.2993,34.4574,0.9774
RCD_REWRITE,kodak,kodim06.png,18.7029,35.4117,0.9707
RCD_REWRITE,kodak,kodim07.png,5.0801,41.0721,0.9864
RCD_REWRITE,kodak,kodim08.png,35.4581,32.6336,0.9676
RCD_REWRITE,kodak,kodim09.png,6.3337,40.1142,0.9727
RCD_REWRITE,kodak,kodim10.png,6.5744,39.9522,0.9760
RCD_REWRITE,kodak,kodim11.png,16.0970,36.0634,0.9723
RCD_REWRITE,kodak,kodim12.png,5.3955,40.8105,0.9770
RCD_REWRITE,kodak,kodim13.png,77.0365,29.2638,0.9362
RCD_REWRITE,kodak,kodim14.png,17.9664,35.5862,0.9694
RCD_REWRITE,kodak,kodim15.png,11.2147,37.6329,0.9662
RCD_REWRITE,kodak,kodim16.png,7.8111,39.2037,0.9760
RCD_REWRITE,kodak,kodim17.png,10.0917,38.0911,0.9763
RCD_REWRITE,kodak,kodim18.png,28.5658,33.5723,0.9605
RCD_REWRITE,kodak,kodim19.png,12.3635,37.2094,0.9658
RCD_REWRITE,kodak,kodim20.png,9.6173,38.3003,0.9676
RCD_REWRITE,kodak,kodim21.png,19.9902,35.1226,0.9661
RCD_REWRITE,kodak,kodim22.png,15.7046,36.1705,0.9603
RCD_REWRITE,kodak,kodim23.png,4.3422,41.7537,0.9804
RCD_REWRITE,kodak,kodim24.png,43.0460,31.7915,0.9701
RCD_REWRITE,mcmaster,jeniffer2-logs,,,
RCD_REWRITE,mcmaster,McMaster10.png,8.9534,38.6109,0.9667
RCD_REWRITE,mcmaster,McMaster11.png,7.8602,39.1765,0.9603
RCD_REWRITE,mcmaster,McMaster12.png,9.8622,38.1911,0.9614
RCD_REWRITE,mcmaster,McMaster13.png,5.3848,40.8191,0.9559
RCD_REWRITE,mcmaster,McMaster14.png,8.8368,38.6679,0.9552
RCD_REWRITE,mcmaster,McMaster15.png,8.4349,38.8700,0.9520
RCD_REWRITE,mcmaster,McMaster16.png,28.4986,33.5826,0.9325
RCD_REWRITE,mcmaster,McMaster17.png,33.4478,32.8871,0.9415
RCD_REWRITE,mcmaster,McMaster18.png,21.5973,34.7868,0.9497
RCD_REWRITE,mcmaster,McMaster1.png,81.5632,29.0159,0.9066
RCD_REWRITE,mcmaster,McMaster2.png,21.8430,34.7377,0.9404
RCD_REWRITE,mcmaster,McMaster3.png,39.3577,32.1805,0.9609
RCD_REWRITE,mcmaster,McMaster4.png,12.9533,37.0070,0.9878
RCD_REWRITE,mcmaster,McMaster5.png,25.4836,34.0682,0.9472
RCD_REWRITE,mcmaster,McMaster6.png,10.5177,37.9116,0.9606
RCD_REWRITE,mcmaster,McMaster7.png,21.7624,34.7537,0.9496
RCD_REWRITE,mcmaster,McMaster8.png,13.4796,36.8340,0.9682
RCD_REWRITE,mcmaster,McMaster9.png,11.5710,37.4971,0.9613
DLMMSE_REWRITE_CODE,kodak,jeniffer2-logs,,,
DLMMSE_REWRITE_CODE,kodak,kodim01.png,8.8205,38.6759,0.9878
DLMMSE_REWRITE_CODE,kodak,kodim02.png,4.5243,41.5752,0.9793
DLMMSE_REWRITE_CODE,kodak,kodim03.png,3.6209,42.5426,0.9875
DLMMSE_REWRITE_CODE,kodak,kodim04.png,5.1020,41.0534,0.9824
DLMMSE_REWRITE_CODE,kodak,kodim05.png,10.3742,37.9713,0.9884
DLMMSE_REWRITE_CODE,kodak,kodim06.png,6.2884,40.1454,0.9887
DLMMSE_REWRITE_CODE,kodak,kodim07.png,3.8515,42.2745,0.9896
DLMMSE_REWRITE_CODE,kodak,kodim08.png,15.4687,36.2363,0.9867
DLMMSE_REWRITE_CODE,kodak,kodim09.png,3.4427,42.7619,0.9851
DLMMSE_REWRITE_CODE,kodak,kodim10.png,3.5903,42.5795,0.9864
DLMMSE_REWRITE_CODE,kodak,kodim11.png,6.3968,40.0712,0.9874
DLMMSE_REWRITE_CODE,kodak,kodim12.png,2.7027,43.8127,0.9880
DLMMSE_REWRITE_CODE,kodak,kodim13.png,21.6935,34.7675,0.9814
DLMMSE_REWRITE_CODE,kodak,kodim14.png,13.0395,36.9782,0.9834
DLMMSE_REWRITE_CODE,kodak,kodim15.png,6.1631,40.2328,0.9779
DLMMSE_REWRITE_CODE,kodak,kodim16.png,2.7886,43.6770,0.9900
DLMMSE_REWRITE_CODE,kodak,kodim17.png,4.2988,41.7973,0.9883
DLMMSE_REWRITE_CODE,kodak,kodim18.png,11.5287,37.5130,0.9809
DLMMSE_REWRITE_CODE,kodak,kodim19.png,5.3097,40.8801,0.9856
DLMMSE_REWRITE_CODE,kodak,kodim20.png,5.1198,41.0383,0.9777
DLMMSE_REWRITE_CODE,kodak,kodim21.png,7.9181,39.1446,0.9827
DLMMSE_REWRITE_CODE,kodak,kodim22.png,9.5548,38.3286,0.9759
DLMMSE_REWRITE_CODE,kodak,kodim23.png,3.0926,43.2276,0.9850
DLMMSE_REWRITE_CODE,kodak,kodim24.png,18.3385,35.4972,0.9860
DLMMSE_REWRITE_CODE,mcmaster,jeniffer2-logs,,,
DLMMSE_REWRITE_CODE,mcmaster,McMaster10.png,15.2570,36.2961,0.9511
DLMMSE_REWRITE_CODE,mcmaster,McMaster11.png,12.0591,37.3177,0.9408
DLMMSE_REWRITE_CODE,mcmaster,McMaster12.png,14.4674,36.5269,0.9503
DLMMSE_REWRITE_CODE,mcmaster,McMaster13.png,8.5398,38.8163,0.9442
DLMMSE_REWRITE_CODE,mcmaster,McMaster14.png,12.3569,37.2117,0.9432
DLMMSE_REWRITE_CODE,mcmaster,McMaster15.png,12.2796,37.2390,0.9347
DLMMSE_REWRITE_CODE,mcmaster,McMaster16.png,57.9538,30.5000,0.8883
DLMMSE_REWRITE_CODE,mcmaster,McMaster17.png,76.4973,29.2943,0.8762
DLMMSE_REWRITE_CODE,mcmaster,McMaster18.png,26.2080,33.9465,0.9437
DLMMSE_REWRITE_CODE,mcmaster,McMaster1.png,130.8002,26.9647,0.8681
DLMMSE_REWRITE_CODE,mcmaster,McMaster2.png,28.1014,33.6435,0.9234
DLMMSE_REWRITE_CODE,mcmaster,McMaster3.png,36.1226,32.5530,0.9568
DLMMSE_REWRITE_CODE,mcmaster,McMaster4.png,23.9398,34.3396,0.9829
DLMMSE_REWRITE_CODE,mcmaster,McMaster5.png,49.4376,31.1902,0.9157
DLMMSE_REWRITE_CODE,mcmaster,McMaster6.png,26.7245,33.8617,0.9240
DLMMSE_REWRITE_CODE,mcmaster,McMaster7.png,9.0223,38.5776,0.9733
DLMMSE_REWRITE_CODE,mcmaster,McMaster8.png,11.9714,37.3493,0.9634
DLMMSE_REWRITE_CODE,mcmaster,McMaster9.png,23.3451,34.4488,0.9377
DLMMSE_REWRITE_PAPER,kodak,jeniffer2-logs,,,
DLMMSE_REWRITE_PAPER,kodak,kodim01.png,7.0491,39.6495,0.9898
DLMMSE_REWRITE_PAPER,kodak,kodim02.png,4.6284,41.4765,0.9788
DLMMSE_REWRITE_PAPER,kodak,kodim03.png,3.7365,42.4061,0.9874
DLMMSE_REWRITE_PAPER,kodak,kodim04.png,5.5388,40.6966,0.9815
DLMMSE_REWRITE_PAPER,kodak,kodim05.png,11.1005,37.6774,0.9876
DLMMSE_REWRITE_PAPER,kodak,kodim06.png,5.7570,40.5289,0.9893
DLMMSE_REWRITE_PAPER,kodak,kodim07.png,4.2060,41.8921,0.9891
DLMMSE_REWRITE_PAPER,kodak,kodim08.png,13.6873,36.7676,0.9879
DLMMSE_REWRITE_PAPER,kodak,kodim09.png,3.4333,42.7737,0.9855
DLMMSE_REWRITE_PAPER,kodak,kodim10.png,3.6534,42.5038,0.9866
DLMMSE_REWRITE_PAPER,kodak,kodim11.png,6.1127,40.2685,0.9878
DLMMSE_REWRITE_PAPER,kodak,kodim12.png,2.6682,43.8686,0.9882
DLMMSE_REWRITE_PAPER,kodak,kodim13.png,18.3090,35.5042,0.9837
DLMMSE_REWRITE_PAPER,kodak,kodim14.png,14.3493,36.5625,0.9829
DLMMSE_REWRITE_PAPER,kodak,kodim15.png,6.5700,39.9552,0.9768
DLMMSE_REWRITE_PAPER,kodak,kodim16.png,2.6208,43.9465,0.9904
DLMMSE_REWRITE_PAPER,kodak,kodim17.png,4.2350,41.8622,0.9885
DLMMSE_REWRITE_PAPER,kodak,kodim18.png,11.3676,37.5741,0.9808
DLMMSE_REWRITE_PAPER,kodak,kodim19.png,4.9880,41.1515,0.9863
DLMMSE_REWRITE_PAPER,kodak,kodim20.png,5.0226,41.1215,0.9779
DLMMSE_REWRITE_PAPER,kodak,kodim21.png,7.2059,39.5540,0.9832
DLMMSE_REWRITE_PAPER,kodak,kodim22.png,9.7586,38.2369,0.9755
DLMMSE_REWRITE_PAPER,kodak,kodim23.png,3.3370,42.8973,0.9844
DLMMSE_REWRITE_PAPER,kodak,kodim24.png,18.1503,35.5420,0.9861
DLMMSE_REWRITE_PAPER,mcmaster,jeniffer2-logs,,,
DLMMSE_REWRITE_PAPER,mcmaster,McMaster10.png,16.5491,35.9430,0.9484
DLMMSE_REWRITE_PAPER,mcmaster,McMaster11.png,13.1225,36.9506,0.9375
DLMMSE_REWRITE_PAPER,mcmaster,McMaster12.png,15.5938,36.2013,0.9482
DLMMSE_REWRITE_PAPER,mcmaster,McMaster13.png,9.2702,38.4599,0.9419
DLMMSE_REWRITE_PAPER,mcmaster,McMaster14.png,13.3088,36.8894,0.9407
DLMMSE_REWRITE_PAPER,mcmaster,McMaster15.png,13.1992,36.9253,0.9317
DLMMSE_REWRITE_PAPER,mcmaster,McMaster16.png,64.9524,30.0049,0.8818
DLMMSE_REWRITE_PAPER,mcmaster,McMaster17.png,85.3224,28.8202,0.8652
DLMMSE_REWRITE_PAPER,mcmaster,McMaster18.png,27.6781,33.7094,0.9417
DLMMSE_REWRITE_PAPER,mcmaster,McMaster1.png,140.4464,26.6557,0.8619
DLMMSE_REWRITE_PAPER,mcmaster,McMaster2.png,29.9848,33.3618,0.9199
DLMMSE_REWRITE_PAPER,mcmaster,McMaster3.png,38.3036,32.2984,0.9546
DLMMSE_REWRITE_PAPER,mcmaster,McMaster4.png,27.2015,33.7849,0.9814
DLMMSE_REWRITE_PAPER,mcmaster,McMaster5.png,55.2709,30.7058,0.9108
DLMMSE_REWRITE_PAPER,mcmaster,McMaster6.png,30.8498,33.2383,0.9173
DLMMSE_REWRITE_PAPER,mcmaster,McMaster7.png,8.0765,39.0586,0.9747
DLMMSE_REWRITE_PAPER,mcmaster,McMaster8.png,12.9624,37.0039,0.9609
DLMMSE_REWRITE_PAPER,mcmaster,McMaster9.png,26.1182,33.9614,0.9336
DLMMSE_CODE,kodak,jeniffer2-logs,,,
DLMMSE_CODE,kodak,kodim01.png,8.8205,38.6759,0.9878
DLMMSE_CODE,kodak,kodim02.png,4.5243,41.5752,0.9793
DLMMSE_CODE,kodak,kodim03.png,3.6209,42.5426,0.9875
DLMMSE_CODE,kodak,kodim04.png,5.1020,41.0534,0.9824
DLMMSE_CODE,kodak,kodim05.png,10.3742,37.9713,0.9884
DLMMSE_CODE,kodak,kodim06.png,6.2884,40.1454,0.9887
DLMMSE_CODE,kodak,kodim07.png,3.8515,42.2745,0.9896
DLMMSE_CODE,kodak,kodim08.png,15.4687,36.2363,0.9867
DLMMSE_CODE,kodak,kodim09.png,3.4427,42.7619,0.9851
DLMMSE_CODE,kodak,kodim10.png,3.5903,42.5795,0.9864
DLMMSE_CODE,kodak,kodim11.png,6.3968,40.0712,0.9874
DLMMSE_CODE,kodak,kodim12.png,2.7027,43.8127,0.9880
DLMMSE_CODE,kodak,kodim13.png,21.6935,34.7675,0.9814
DLMMSE_CODE,kodak,kodim14.png,13.0395,36.9782,0.9834
DLMMSE_CODE,kodak,kodim15.png,6.1631,40.2328,0.9779
DLMMSE_CODE,kodak,kodim16.png,2.7886,43.6770,0.9900
DLMMSE_CODE,kodak,kodim17.png,4.2988,41.7973,0.9883
DLMMSE_CODE,kodak,kodim18.png,11.5287,37.5130,0.9809
DLMMSE_CODE,kodak,kodim19.png,5.3097,40.8801,0.9856
DLMMSE_CODE,kodak,kodim20.png,5.1198,41.0383,0.9777
DLMMSE_CODE,kodak,kodim21.png,7.9181,39.1446,0.9827
DLMMSE_CODE,kodak,kodim22.png,9.5548,38.3286,0.9759
DLMMSE_CODE,kodak,kodim23.png,3.0926,43.2276,0.9850
DLMMSE_CODE,kodak,kodim24.png,18.3385,35.4972,0.9860
DLMMSE_CODE,mcmaster,jeniffer2-logs,,,
DLMMSE_CODE,mcmaster,McMaster10.png,15.2570,36.2961,0.9511
DLMMSE_CODE,mcmaster,McMaster11.png,12.0591,37.3177,0.9408
DLMMSE_CODE,mcmaster,McMaster12.png,14.4674,36.5269,0.9503
DLMMSE_CODE,mcmaster,McMaster13.png,8.5398,38.8163,0.9442
DLMMSE_CODE,mcmaster,McMaster14.png,12.3570,37.2117,0.9432
DLMMSE_CODE,mcmaster,McMaster15.png,12.2796,37.2390,0.9347
DLMMSE_CODE,mcmaster,McMaster16.png,57.9538,30.5000,0.8883
DLMMSE_CODE,mcmaster,McMaster17.png,76.4973,29.2943,0.8762
DLMMSE_CODE,mcmaster,McMaster18.png,26.2080,33.9465,0.9437
DLMMSE_CODE,mcmaster,McMaster1.png,130.8002,26.9647,0.8681
DLMMSE_CODE,mcmaster,McMaster2.png,28.1014,33.6435,0.9234
DLMMSE_CODE,mcmaster,McMaster3.png,36.1225,32.5530,0.9568
DLMMSE_CODE,mcmaster,McMaster4.png,23.9398,34.3396,0.9829
DLMMSE_CODE,mcmaster,McMaster5.png,49.4376,31.1902,0.9157
DLMMSE_CODE,mcmaster,McMaster6.png,26.7245,33.8617,0.9240
DLMMSE_CODE,mcmaster,McMaster7.png,9.0223,38.5776,0.9733
DLMMSE_CODE,mcmaster,McMaster8.png,11.9714,37.3493,0.9634
DLMMSE_CODE,mcmaster,McMaster9.png,23.3451,34.4488,0.9377
DLMMSE_PAPER,kodak,jeniffer2-logs,,,
DLMMSE_PAPER,kodak,kodim01.png,7.0491,39.6495,0.9898
DLMMSE_PAPER,kodak,kodim02.png,4.6284,41.4765,0.9788
DLMMSE_PAPER,kodak,kodim03.png,3.7365,42.4061,0.9874
DLMMSE_PAPER,kodak,kodim04.png,5.5388,40.6966,0.9815
DLMMSE_PAPER,kodak,kodim05.png,11.1005,37.6774,0.9876
DLMMSE_PAPER,kodak,kodim06.png,5.7570,40.5289,0.9893
DLMMSE_PAPER,kodak,kodim07.png,4.2060,41.8921,0.9891
DLMMSE_PAPER,kodak,kodim08.png,13.6873,36.7676,0.9879
DLMMSE_PAPER,kodak,kodim09.png,3.4333,42.7737,0.9855
DLMMSE_PAPER,kodak,kodim10.png,3.6534,42.5038,0.9866
DLMMSE_PAPER,kodak,kodim11.png,6.1127,40.2685,0.9878
DLMMSE_PAPER,kodak,kodim12.png,2.6682,43.8686,0.9882
DLMMSE_PAPER,kodak,kodim13.png,18.3090,35.5042,0.9837
DLMMSE_PAPER,kodak,kodim14.png,14.3493,36.5625,0.9829
DLMMSE_PAPER,kodak,kodim15.png,6.5700,39.9552,0.9768
DLMMSE_PAPER,kodak,kodim16.png,2.6208,43.9465,0.9904
DLMMSE_PAPER,kodak,kodim17.png,4.2350,41.8622,0.9885
DLMMSE_PAPER,kodak,kodim18.png,11.3676,37.5741,0.9808
DLMMSE_PAPER,kodak,kodim19.png,4.9880,41.1515,0.9863
DLMMSE_PAPER,kodak,kodim20.png,5.0226,41.1215,0.9779
DLMMSE_PAPER,kodak,kodim21.png,7.2059,39.5540,0.9832
DLMMSE_PAPER,kodak,kodim22.png,9.7586,38.2369,0.9755
DLMMSE_PAPER,kodak,kodim23.png,3.3370,42.8973,0.9844
DLMMSE_PAPER,kodak,kodim24.png,18.1503,35.5420,0.9861
DLMMSE_PAPER,mcmaster,jeniffer2-logs,,,
DLMMSE_PAPER,mcmaster,McMaster10.png,16.5491,35.9430,0.9484
DLMMSE_PAPER,mcmaster,McMaster11.png,13.1225,36.9506,0.9375
DLMMSE_PAPER,mcmaster,McMaster12.png,15.5938,36.2013,0.9482
DLMMSE_PAPER,mcmaster,McMaster13.png,9.2702,38.4599,0.9419
DLMMSE_PAPER,mcmaster,McMaster14.png,13.3088,36.8894,0.9407
DLMMSE_PAPER,mcmaster,McMaster15.png,13.1992,36.9253,0.9317
DLMMSE_PAPER,mcmaster,McMaster16.png,64.9524,30.0049,0.8818
DLMMSE_PAPER,mcmaster,McMaster17.png,85.3224,28.8202,0.8652
DLMMSE_PAPER,mcmaster,McMaster18.png,27.6781,33.7094,0.9417
DLMMSE_PAPER,mcmaster,McMaster1.png,140.4464,26.6557,0.8619
DLMMSE_PAPER,mcmaster,McMaster2.png,29.9848,33.3618,0.9199
DLMMSE_PAPER,mcmaster,McMaster3.png,38.3036,32.2984,0.9546
DLMMSE_PAPER,mcmaster,McMaster4.png,27.2015,33.7849,0.9814
DLMMSE_PAPER,mcmaster,McMaster5.png,55.2709,30.7058,0.9108
DLMMSE_PAPER,mcmaster,McMaster6.png,30.8498,33.2383,0.9173
DLMMSE_PAPER,mcmaster,McMaster7.png,8.0765,39.0586,0.9747
DLMMSE_PAPER,mcmaster,McMaster8.png,12.9624,37.0039,0.9609
DLMMSE_PAPER,mcmaster,McMaster9.png,26.1182,33.9614,0.9336
DLMMSE_RCD,kodak,jeniffer2-logs,,,
DLMMSE_RCD,kodak,kodim01.png,9.2517,38.4686,0.9871
DLMMSE_RCD,kodak,kodim02.png,4.4738,41.6241,0.9795
DLMMSE_RCD,kodak,kodim03.png,2.9851,43.3811,0.9885
DLMMSE_RCD,kodak,kodim04.png,4.7374,41.3754,0.9831
DLMMSE_RCD,kodak,kodim05.png,9.3769,38.4102,0.9893
DLMMSE_RCD,kodak,kodim06.png,6.2731,40.1560,0.9886
DLMMSE_RCD,kodak,kodim07.png,3.4314,42.7761,0.9901
DLMMSE_RCD,kodak,kodim08.png,15.4770,36.2339,0.9865
DLMMSE_RCD,kodak,kodim09.png,3.2941,42.9534,0.9850
DLMMSE_RCD,kodak,kodim10.png,3.4342,42.7726,0.9864
DLMMSE_RCD,kodak,kodim11.png,6.4005,40.0687,0.9874
DLMMSE_RCD,kodak,kodim12.png,2.6573,43.8863,0.9881
DLMMSE_RCD,kodak,kodim13.png,21.9545,34.7156,0.9812
DLMMSE_RCD,kodak,kodim14.png,11.3791,37.5697,0.9845
DLMMSE_RCD,kodak,kodim15.png,6.0568,40.3084,0.9780
DLMMSE_RCD,kodak,kodim16.png,2.7642,43.7152,0.9900
DLMMSE_RCD,kodak,kodim17.png,4.3197,41.7763,0.9882
DLMMSE_RCD,kodak,kodim18.png,11.2240,37.6293,0.9811
DLMMSE_RCD,kodak,kodim19.png,5.2464,40.9322,0.9855
DLMMSE_RCD,kodak,kodim20.png,4.8209,41.2995,0.9778
DLMMSE_RCD,kodak,kodim21.png,7.9160,39.1457,0.9825
DLMMSE_RCD,kodak,kodim22.png,9.2685,38.4607,0.9761
DLMMSE_RCD,kodak,kodim23.png,2.7653,43.7135,0.9856
DLMMSE_RCD,kodak,kodim24.png,18.2054,35.5288,0.9861
DLMMSE_RCD,mcmaster,jeniffer2-logs,,,
DLMMSE_RCD,mcmaster,McMaster10.png,11.9581,37.3542,0.9580
DLMMSE_RCD,mcmaster,McMaster11.png,9.5147,38.3469,0.9513
DLMMSE_RCD,mcmaster,McMaster12.png,12.1793,37.2746,0.9543
DLMMSE_RCD,mcmaster,McMaster13.png,7.1780,39.5708,0.9470
DLMMSE_RCD,mcmaster,McMaster14.png,11.2929,37.6027,0.9460
DLMMSE_RCD,mcmaster,McMaster15.png,10.8327,37.7834,0.9378
DLMMSE_RCD,mcmaster,McMaster16.png,45.4185,31.5585,0.9099
DLMMSE_RCD,mcmaster,McMaster17.png,58.0593,30.4921,0.8961
DLMMSE_RCD,mcmaster,McMaster18.png,22.4110,34.6262,0.9489
DLMMSE_RCD,mcmaster,McMaster1.png,109.1907,27.7489,0.8814
DLMMSE_RCD,mcmaster,McMaster2.png,25.1086,34.1326,0.9271
DLMMSE_RCD,mcmaster,McMaster3.png,32.9002,32.9588,0.9604
DLMMSE_RCD,mcmaster,McMaster4.png,18.1109,35.5514,0.9851
DLMMSE_RCD,mcmaster,McMaster5.png,41.1233,31.9899,0.9245
DLMMSE_RCD,mcmaster,McMaster6.png,19.8033,35.1634,0.9390
DLMMSE_RCD,mcmaster,McMaster7.png,8.8286,38.6719,0.9735
DLMMSE_RCD,mcmaster,McMaster8.png,11.6154,37.4805,0.9641
DLMMSE_RCD,mcmaster,McMaster9.png,18.6110,35.4331,0.9441
DLMMSE_RCD_PAPER,kodak,jeniffer2-logs,,,
DLMMSE_RCD_PAPER,kodak,kodim01.png,7.3661,39.4584,0.9893
DLMMSE_RCD_PAPER,kodak,kodim02.png,4.5562,41.5447,0.9790
DLMMSE_RCD_PAPER,kodak,kodim03.png,3.0659,43.2653,0.9884
DLMMSE_RCD_PAPER,kodak,kodim04.png,5.1147,41.0426,0.9824
DLMMSE_RCD_PAPER,kodak,kodim05.png,9.9659,38.1456,0.9886
DLMMSE_RCD_PAPER,kodak,kodim06.png,5.6935,40.5770,0.9893
DLMMSE_RCD_PAPER,kodak,kodim07.png,3.7431,42.3985,0.9897
DLMMSE_RCD_PAPER,kodak,kodim08.png,13.6082,36.7928,0.9877
DLMMSE_RCD_PAPER,kodak,kodim09.png,3.2463,43.0169,0.9855
DLMMSE_RCD_PAPER,kodak,kodim10.png,3.4737,42.7229,0.9866
DLMMSE_RCD_PAPER,kodak,kodim11.png,6.0624,40.3044,0.9878
DLMMSE_RCD_PAPER,kodak,kodim12.png,2.5776,44.0186,0.9885
DLMMSE_RCD_PAPER,kodak,kodim13.png,18.4467,35.4716,0.9837
DLMMSE_RCD_PAPER,kodak,kodim14.png,12.5023,37.1609,0.9841
DLMMSE_RCD_PAPER,kodak,kodim15.png,6.4147,40.0591,0.9770
DLMMSE_RCD_PAPER,kodak,kodim16.png,2.5665,44.0374,0.9905
DLMMSE_RCD_PAPER,kodak,kodim17.png,4.2274,41.8701,0.9885
DLMMSE_RCD_PAPER,kodak,kodim18.png,10.9938,37.7193,0.9811
DLMMSE_RCD_PAPER,kodak,kodim19.png,4.8855,41.2417,0.9862
DLMMSE_RCD_PAPER,kodak,kodim20.png,4.6887,41.4203,0.9780
DLMMSE_RCD_PAPER,kodak,kodim21.png,7.1381,39.5950,0.9831
DLMMSE_RCD_PAPER,kodak,kodim22.png,9.4133,38.3934,0.9758
DLMMSE_RCD_PAPER,kodak,kodim23.png,2.9688,43.4050,0.9851
DLMMSE_RCD_PAPER,kodak,kodim24.png,17.9715,35.5850,0.9863
DLMMSE_RCD_PAPER,mcmaster,jeniffer2-logs,,,
DLMMSE_RCD_PAPER,mcmaster,McMaster10.png,13.2050,36.9234,0.9552
DLMMSE_RCD_PAPER,mcmaster,McMaster11.png,10.5215,37.9100,0.9475
DLMMSE_RCD_PAPER,mcmaster,McMaster12.png,13.3887,36.8634,0.9520
DLMMSE_RCD_PAPER,mcmaster,McMaster13.png,7.8884,39.1609,0.9446
DLMMSE_RCD_PAPER,mcmaster,McMaster14.png,12.2112,37.2632,0.9435
DLMMSE_RCD_PAPER,mcmaster,McMaster15.png,11.7237,37.4402,0.9347
DLMMSE_RCD_PAPER,mcmaster,McMaster16.png,52.2919,30.9465,0.9018
DLMMSE_RCD_PAPER,mcmaster,McMaster17.png,66.4820,29.9038,0.8843
DLMMSE_RCD_PAPER,mcmaster,McMaster18.png,23.8307,34.3594,0.9469
DLMMSE_RCD_PAPER,mcmaster,McMaster1.png,118.4783,27.3944,0.8748
DLMMSE_RCD_PAPER,mcmaster,McMaster2.png,26.9415,33.8266,0.9235
DLMMSE_RCD_PAPER,mcmaster,McMaster3.png,35.1255,32.6746,0.9579
DLMMSE_RCD_PAPER,mcmaster,McMaster4.png,21.4722,34.8120,0.9835
DLMMSE_RCD_PAPER,mcmaster,McMaster5.png,46.8890,31.4201,0.9189
DLMMSE_RCD_PAPER,mcmaster,McMaster6.png,23.7138,34.3808,0.9318
DLMMSE_RCD_PAPER,mcmaster,McMaster7.png,7.8410,39.1871,0.9750
DLMMSE_RCD_PAPER,mcmaster,McMaster8.png,12.5961,37.1285,0.9615
DLMMSE_RCD_PAPER,mcmaster,McMaster9.png,21.3448,34.8379,0.9400
DLMMSE_RCD_REWRITE,kodak,jeniffer2-logs,,,
DLMMSE_RCD_REWRITE,kodak,kodim01.png,9.2041,38.4910,0.9872
DLMMSE_RCD_REWRITE,kodak,kodim02.png,4.4654,41.6322,0.9795
DLMMSE_RCD_REWRITE,kodak,kodim03.png,2.9844,43.3822,0.9886
DLMMSE_RCD_REWRITE,kodak,kodim04.png,4.7291,41.3830,0.9831
DLMMSE_RCD_REWRITE,kodak,kodim05.png,9.3562,38.4198,0.9893
DLMMSE_RCD_REWRITE,kodak,kodim06.png,6.2645,40.1619,0.9886
DLMMSE_RCD_REWRITE,kodak,kodim07.png,3.4223,42.7877,0.9901
DLMMSE_RCD_REWRITE,kodak,kodim08.png,15.4495,36.2417,0.9865
DLMMSE_RCD_REWRITE,kodak,kodim09.png,3.2938,42.9539,0.9850
DLMMSE_RCD_REWRITE,kodak,kodim10.png,3.4342,42.7725,0.9864
DLMMSE_RCD_REWRITE,kodak,kodim11.png,6.3901,40.0757,0.9874
DLMMSE_RCD_REWRITE,kodak,kodim12.png,2.6470,43.9032,0.9881
DLMMSE_RCD_REWRITE,kodak,kodim13.png,21.8835,34.7296,0.9812
DLMMSE_RCD_REWRITE,kodak,kodim14.png,11.3621,37.5762,0.9846
DLMMSE_RCD_REWRITE,kodak,kodim15.png,6.0370,40.3226,0.9780
DLMMSE_RCD_REWRITE,kodak,kodim16.png,2.7602,43.7214,0.9900
DLMMSE_RCD_REWRITE,kodak,kodim17.png,4.3091,41.7869,0.9882
DLMMSE_RCD_REWRITE,kodak,kodim18.png,11.1999,37.6387,0.9811
DLMMSE_RCD_REWRITE,kodak,kodim19.png,5.2429,40.9351,0.9855
DLMMSE_RCD_REWRITE,kodak,kodim20.png,4.8258,41.2951,0.9778
DLMMSE_RCD_REWRITE,kodak,kodim21.png,7.9038,39.1524,0.9825
DLMMSE_RCD_REWRITE,kodak,kodim22.png,9.2482,38.4702,0.9762
DLMMSE_RCD_REWRITE,kodak,kodim23.png,2.7560,43.7281,0.9856
DLMMSE_RCD_REWRITE,kodak,kodim24.png,18.1561,35.5406,0.9862
DLMMSE_RCD_REWRITE,mcmaster,jeniffer2-logs,,,
DLMMSE_RCD_REWRITE,mcmaster,McMaster10.png,11.9467,37.3583,0.9581
DLMMSE_RCD_REWRITE,mcmaster,McMaster11.png,9.5011,38.3531,0.9513
DLMMSE_RCD_REWRITE,mcmaster,McMaster12.png,12.1839,37.2730,0.9543
DLMMSE_RCD_REWRITE,mcmaster,McMaster13.png,7.1910,39.5629,0.9469
DLMMSE_RCD_REWRITE,mcmaster,McMaster14.png,11.2815,37.6071,0.9460
DLMMSE_RCD_REWRITE,mcmaster,McMaster15.png,10.8390,37.7809,0.9378
DLMMSE_RCD_REWRITE,mcmaster,McMaster16.png,45.4494,31.5555,0.9100
DLMMSE_RCD_REWRITE,mcmaster,McMaster17.png,58.0171,30.4952,0.8962
DLMMSE_RCD_REWRITE,mcmaster,McMaster18.png,22.4142,34.6256,0.9489
DLMMSE_RCD_REWRITE,mcmaster,McMaster1.png,109.2862,27.7451,0.8814
DLMMSE_RCD_REWRITE,mcmaster,McMaster2.png,25.1405,34.1271,0.9270
DLMMSE_RCD_REWRITE,mcmaster,McMaster3.png,32.8527,32.9651,0.9604
DLMMSE_RCD_REWRITE,mcmaster,McMaster4.png,18.1330,35.5461,0.9851
DLMMSE_RCD_REWRITE,mcmaster,McMaster5.png,41.1152,31.9908,0.9246
DLMMSE_RCD_REWRITE,mcmaster,McMaster6.png,19.8486,35.1535,0.9390
DLMMSE_RCD_REWRITE,mcmaster,McMaster7.png,8.8133,38.6794,0.9735
DLMMSE_RCD_REWRITE,mcmaster,McMaster8.png,11.6145,37.4808,0.9641
DLMMSE_RCD_REWRITE,mcmaster,McMaster9.png,18.5750,35.4415,0.9442
DLMMSE_RCD_REWRITE_PAPER,kodak,jeniffer2-logs,,,
DLMMSE_RCD_REWRITE_PAPER,kodak,kodim01.png,7.3375,39.4753,0.9893
DLMMSE_RCD_REWRITE_PAPER,kodak,kodim02.png,4.5501,41.5506,0.9790
DLMMSE_RCD_REWRITE_PAPER,kodak,kodim03.png,3.0656,43.2656,0.9884
DLMMSE_RCD_REWRITE_PAPER,kodak,kodim04.png,5.1058,41.0502,0.9824
DLMMSE_RCD_REWRITE_PAPER,kodak,kodim05.png,9.9500,38.1526,0.9887
DLMMSE_RCD_REWRITE_PAPER,kodak,kodim06.png,5.6895,40.5800,0.9893
DLMMSE_RCD_REWRITE_PAPER,kodak,kodim07.png,3.7358,42.4070,0.9897
DLMMSE_RCD_REWRITE_PAPER,kodak,kodim08.png,13.5932,36.7976,0.9877
DLMMSE_RCD_REWRITE_PAPER,kodak,kodim09.png,3.2461,43.0172,0.9854
DLMMSE_RCD_REWRITE_PAPER,kodak,kodim10.png,3.4742,42.7223,0.9866
DLMMSE_RCD_REWRITE_PAPER,kodak,kodim11.png,6.0557,40.3091,0.9878
DLMMSE_RCD_REWRITE_PAPER,kodak,kodim12.png,2.5699,44.0316,0.9884
DLMMSE_RCD_REWRITE_PAPER,kodak,kodim13.png,18.3995,35.4827,0.9837
DLMMSE_RCD_REWRITE_PAPER,kodak,kodim14.png,12.4964,37.1630,0.9842
DLMMSE_RCD_REWRITE_PAPER,kodak,kodim15.png,6.3996,40.0693,0.9770
DLMMSE_RCD_REWRITE_PAPER,kodak,kodim16.png,2.5643,44.0411,0.9905
DLMMSE_RCD_REWRITE_PAPER,kodak,kodim17.png,4.2195,41.8782,0.9885
DLMMSE_RCD_REWRITE_PAPER,kodak,kodim18.png,10.9794,37.7250,0.9811
DLMMSE_RCD_REWRITE_PAPER,kodak,kodim19.png,4.8851,41.2420,0.9862
DLMMSE_RCD_REWRITE_PAPER,kodak,kodim20.png,4.6948,41.4147,0.9779
DLMMSE_RCD_REWRITE_PAPER,kodak,kodim21.png,7.1289,39.6006,0.9831
DLMMSE_RCD_REWRITE_PAPER,kodak,kodim22.png,9.3989,38.4000,0.9758
DLMMSE_RCD_REWRITE_PAPER,kodak,kodim23.png,2.9595,43.4186,0.9851
DLMMSE_RCD_REWRITE_PAPER,kodak,kodim24.png,17.9423,35.5920,0.9864
DLMMSE_RCD_REWRITE_PAPER,mcmaster,jeniffer2-logs,,,
DLMMSE_RCD_REWRITE_PAPER,mcmaster,McMaster10.png,13.2022,36.9244,0.9552
DLMMSE_RCD_REWRITE_PAPER,mcmaster,McMaster11.png,10.5059,37.9165,0.9476
DLMMSE_RCD_REWRITE_PAPER,mcmaster,McMaster12.png,13.3962,36.8610,0.9520
DLMMSE_RCD_REWRITE_PAPER,mcmaster,McMaster13.png,7.9035,39.1526,0.9446
DLMMSE_RCD_REWRITE_PAPER,mcmaster,McMaster14.png,12.2015,37.2667,0.9435
DLMMSE_RCD_REWRITE_PAPER,mcmaster,McMaster15.png,11.7325,37.4369,0.9347
DLMMSE_RCD_REWRITE_PAPER,mcmaster,McMaster16.png,52.3251,30.9437,0.9019
DLMMSE_RCD_REWRITE_PAPER,mcmaster,McMaster17.png,66.4505,29.9058,0.8844
DLMMSE_RCD_REWRITE_PAPER,mcmaster,McMaster18.png,23.8327,34.3591,0.9469
DLMMSE_RCD_REWRITE_PAPER,mcmaster,McMaster1.png,118.5938,27.3902,0.8747
DLMMSE_RCD_REWRITE_PAPER,mcmaster,McMaster2.png,26.9764,33.8210,0.9235
DLMMSE_RCD_REWRITE_PAPER,mcmaster,McMaster3.png,35.0909,32.6789,0.9580
DLMMSE_RCD_REWRITE_PAPER,mcmaster,McMaster4.png,21.4926,34.8079,0.9835
DLMMSE_RCD_REWRITE_PAPER,mcmaster,McMaster5.png,46.8982,31.4192,0.9190
DLMMSE_RCD_REWRITE_PAPER,mcmaster,McMaster6.png,23.7722,34.3701,0.9317
DLMMSE_RCD_REWRITE_PAPER,mcmaster,McMaster7.png,7.8323,39.1919,0.9750
DLMMSE_RCD_REWRITE_PAPER,mcmaster,McMaster8.png,12.5959,37.1285,0.9615
DLMMSE_RCD_REWRITE_PAPER,mcmaster,McMaster9.png,21.3136,34.8442,0.9400
BILINEAR_MEAN-GPU,kodak,jeniffer2-logs,,,
BILINEAR_MEAN-GPU,kodak,kodim01.png,155.6633,26.2089,0.8078
BILINEAR_MEAN-GPU,kodak,kodim02.png,30.1680,33.3353,0.8979
BILINEAR_MEAN-GPU,kodak,kodim03.png,23.4723,34.4252,0.9329
BILINEAR_MEAN-GPU,kodak,kodim04.png,27.8880,33.6766,0.9119
BILINEAR_MEAN-GPU,kodak,kodim05.png,138.3688,26.7204,0.8785
BILINEAR_MEAN-GPU,kodak,kodim06.png,109.6563,27.7305,0.8473
BILINEAR_MEAN-GPU,kodak,kodim07.png,29.2642,33.4674,0.9537
BILINEAR_MEAN-GPU,kodak,kodim08.png,278.1433,23.6881,0.8257
BILINEAR_MEAN-GPU,kodak,kodim09.png,36.6318,32.4922,0.9203
BILINEAR_MEAN-GPU,kodak,kodim10.png,37.6556,32.3725,0.9198
BILINEAR_MEAN-GPU,kodak,kodim11.png,76.1043,29.3167,0.8691
BILINEAR_MEAN-GPU,kodak,kodim12.png,33.4714,32.8841,0.9078
BILINEAR_MEAN-GPU,kodak,kodim13.png,263.3542,23.9254,0.7721
BILINEAR_MEAN-GPU,kodak,kodim14.png,74.8888,29.3866,0.8718
BILINEAR_MEAN-GPU,kodak,kodim15.png,45.4955,31.5511,0.9153
BILINEAR_MEAN-GPU,kodak,kodim16.png,47.3039,31.3818,0.8771
BILINEAR_MEAN-GPU,kodak,kodim17.png,40.8008,32.0241,0.9258
BILINEAR_MEAN-GPU,kodak,kodim18.png,103.1888,27.9945,0.8686
BILINEAR_MEAN-GPU,kodak,kodim19.png,99.5168,28.1518,0.8724
BILINEAR_MEAN-GPU,kodak,kodim20.png,43.9078,31.7054,0.9186
BILINEAR_MEAN-GPU,kodak,kodim21.png,89.3273,28.6210,0.8885
BILINEAR_MEAN-GPU,kodak,kodim22.png,56.4201,30.6165,0.8841
BILINEAR_MEAN-GPU,kodak,kodim23.png,19.6006,35.2081,0.9558
BILINEAR_MEAN-GPU,kodak,kodim24.png,137.6463,26.7432,0.8760
BILINEAR_MEAN-GPU,mcmaster,jeniffer2-logs,,,
BILINEAR_MEAN-GPU,mcmaster,McMaster10.png,19.1815,35.3020,0.9495
BILINEAR_MEAN-GPU,mcmaster,McMaster11.png,14.5924,36.4895,0.9541
BILINEAR_MEAN-GPU,mcmaster,McMaster12.png,34.1720,32.7941,0.9374
BILINEAR_MEAN-GPU,mcmaster,McMaster13.png,12.2816,37.2383,0.9474
BILINEAR_MEAN-GPU,mcmaster,McMaster14.png,16.2446,36.0237,0.9419
BILINEAR_MEAN-GPU,mcmaster,McMaster15.png,14.3440,36.5641,0.9452
BILINEAR_MEAN-GPU,mcmaster,McMaster16.png,50.8483,31.0680,0.9224
BILINEAR_MEAN-GPU,mcmaster,McMaster17.png,35.8826,32.5820,0.9393
BILINEAR_MEAN-GPU,mcmaster,McMaster18.png,72.0848,29.5524,0.9027
BILINEAR_MEAN-GPU,mcmaster,McMaster1.png,126.8382,27.0983,0.8712
BILINEAR_MEAN-GPU,mcmaster,McMaster2.png,50.8387,31.0689,0.9067
BILINEAR_MEAN-GPU,mcmaster,McMaster3.png,148.5762,26.4113,0.8945
BILINEAR_MEAN-GPU,mcmaster,McMaster4.png,97.5616,28.2380,0.9499
BILINEAR_MEAN-GPU,mcmaster,McMaster5.png,41.3820,31.9627,0.9291
BILINEAR_MEAN-GPU,mcmaster,McMaster6.png,16.2693,36.0171,0.9553
BILINEAR_MEAN-GPU,mcmaster,McMaster7.png,61.4981,30.2422,0.8712
BILINEAR_MEAN-GPU,mcmaster,McMaster8.png,52.3021,30.9456,0.9408
BILINEAR_MEAN-GPU,mcmaster,McMaster9.png,34.4893,32.7540,0.9434
RCD-GPU,kodak,jeniffer2-logs,,,
RCD-GPU,kodak,kodim01.png,30.1616,33.3363,0.9577
RCD-GPU,kodak,kodim02.png,7.4154,39.4294,0.9696
RCD-GPU,kodak,kodim03.png,5.3764,40.8258,0.9806
RCD-GPU,kodak,kodim04.png,8.4353,38.8698,0.9688
RCD-GPU,kodak,kodim05.png,23.3058,34.4562,0.9774
RCD-GPU,kodak,kodim06.png,18.6952,35.4135,0.9707
RCD-GPU,kodak,kodim07.png,5.0809,41.0714,0.9864
RCD-GPU,kodak,kodim08.png,35.3871,32.6424,0.9676
RCD-GPU,kodak,kodim09.png,6.3287,40.1176,0.9727
RCD-GPU,kodak,kodim10.png,6.5571,39.9637,0.9760
RCD-GPU,kodak,kodim11.png,16.0815,36.0675,0.9723
RCD-GPU,kodak,kodim12.png,5.3945,40.8113,0.9770
RCD-GPU,kodak,kodim13.png,76.8559,29.2740,0.9363
RCD-GPU,kodak,kodim14.png,17.9619,35.5873,0.9694
RCD-GPU,kodak,kodim15.png,11.2226,37.6299,0.9661
RCD-GPU,kodak,kodim16.png,7.8098,39.2044,0.9760
RCD-GPU,kodak,kodim17.png,10.1133,38.0819,0.9763
RCD-GPU,kodak,kodim18.png,28.5306,33.5777,0.9605
RCD-GPU,kodak,kodim19.png,12.3679,37.2078,0.9658
RCD-GPU,kodak,kodim20.png,9.6226,38.2979,0.9674
RCD-GPU,kodak,kodim21.png,19.9792,35.1250,0.9662
RCD-GPU,kodak,kodim22.png,15.7070,36.1699,0.9603
RCD-GPU,kodak,kodim23.png,4.3420,41.7539,0.9804
RCD-GPU,kodak,kodim24.png,42.9235,31.8039,0.9701
RCD-GPU,mcmaster,jeniffer2-logs,,,
RCD-GPU,mcmaster,McMaster10.png,8.9517,38.6118,0.9668
RCD-GPU,mcmaster,McMaster11.png,7.8552,39.1792,0.9604
RCD-GPU,mcmaster,McMaster12.png,9.8614,38.1914,0.9614
RCD-GPU,mcmaster,McMaster13.png,5.3845,40.8194,0.9559
RCD-GPU,mcmaster,McMaster14.png,8.8343,38.6691,0.9552
RCD-GPU,mcmaster,McMaster15.png,8.4340,38.8705,0.9520
RCD-GPU,mcmaster,McMaster16.png,28.4496,33.5900,0.9324
RCD-GPU,mcmaster,McMaster17.png,33.4415,32.8880,0.9415
RCD-GPU,mcmaster,McMaster18.png,21.5803,34.7902,0.9498
RCD-GPU,mcmaster,McMaster1.png,81.8439,29.0009,0.9066
RCD-GPU,mcmaster,McMaster2.png,21.8409,34.7381,0.9404
RCD-GPU,mcmaster,McMaster3.png,39.3457,32.1818,0.9609
RCD-GPU,mcmaster,McMaster4.png,12.8762,37.0329,0.9878
RCD-GPU,mcmaster,McMaster5.png,25.4810,34.0686,0.9472
RCD-GPU,mcmaster,McMaster6.png,10.5165,37.9121,0.9606
RCD-GPU,mcmaster,McMaster7.png,21.7619,34.7538,0.9496
RCD-GPU,mcmaster,McMaster8.png,13.4767,36.8350,0.9683
RCD-GPU,mcmaster,McMaster9.png,11.5662,37.4989,0.9614
PPG-OLD,kodak,jeniffer2-logs,,,
PPG-OLD,kodak,kodim01.png,84.6232,28.8559,0.8960
PPG-OLD,kodak,kodim02.png,17.5343,35.6919,0.9387
PPG-OLD,kodak,kodim03.png,13.5426,36.8138,0.9578
PPG-OLD,kodak,kodim04.png,16.9033,35.8511,0.9433
PPG-OLD,kodak,kodim05.png,64.0901,30.0629,0.9430
PPG-OLD,kodak,kodim06.png,60.7358,30.2964,0.9144
PPG-OLD,kodak,kodim07.png,14.1396,36.6264,0.9729
PPG-OLD,kodak,kodim08.png,119.1339,27.3705,0.9150
PPG-OLD,kodak,kodim09.png,17.1821,35.7801,0.9485
PPG-OLD,kodak,kodim10.png,16.9133,35.8485,0.9543
PPG-OLD,kodak,kodim11.png,41.6093,31.9389,0.9277
PPG-OLD,kodak,kodim12.png,15.2630,36.2944,0.9448
PPG-OLD,kodak,kodim13.png,163.3884,25.9986,0.8678
PPG-OLD,kodak,kodim14.png,42.2021,31.8775,0.9282
PPG-OLD,kodak,kodim15.png,21.4570,34.8151,0.9432
PPG-OLD,kodak,kodim16.png,28.0143,33.6570,0.9283
PPG-OLD,kodak,kodim17.png,21.6727,34.7717,0.9563
PPG-OLD,kodak,kodim18.png,61.0507,30.2739,0.9237
PPG-OLD,kodak,kodim19.png,42.0650,31.8916,0.9275
PPG-OLD,kodak,kodim20.png,22.3403,34.6399,0.9463
PPG-OLD,kodak,kodim21.png,51.2795,31.0314,0.9318
PPG-OLD,kodak,kodim22.png,31.7890,33.1080,0.9287
PPG-OLD,kodak,kodim23.png,10.6499,37.8574,0.9681
PPG-OLD,kodak,kodim24.png,86.2994,28.7707,0.9364
PPG-OLD,mcmaster,jeniffer2-logs,,,
PPG-OLD,mcmaster,McMaster10.png,14.5792,36.4935,0.9573
PPG-OLD,mcmaster,McMaster11.png,11.8854,37.3807,0.9561
PPG-OLD,mcmaster,McMaster12.png,16.5432,35.9446,0.9546
PPG-OLD,mcmaster,McMaster13.png,7.7835,39.2191,0.9498
PPG-OLD,mcmaster,McMaster14.png,12.2500,37.2494,0.9467
PPG-OLD,mcmaster,McMaster15.png,10.7537,37.8152,0.9473
PPG-OLD,mcmaster,McMaster16.png,39.1887,32.1992,0.9301
PPG-OLD,mcmaster,McMaster17.png,38.7797,32.2448,0.9350
PPG-OLD,mcmaster,McMaster18.png,50.9635,31.0582,0.9327
PPG-OLD,mcmaster,McMaster1.png,104.2406,27.9504,0.8933
PPG-OLD,mcmaster,McMaster2.png,33.6881,32.8560,0.9256
PPG-OLD,mcmaster,McMaster3.png,79.1642,29.1455,0.9384
PPG-OLD,mcmaster,McMaster4.png,36.9988,32.4489,0.9771
PPG-OLD,mcmaster,McMaster5.png,32.1160,33.0636,0.9387
PPG-OLD,mcmaster,McMaster6.png,14.6280,36.4790,0.9546
PPG-OLD,mcmaster,McMaster7.png,41.2132,31.9804,0.9143
PPG-OLD,mcmaster,McMaster8.png,27.8437,33.6835,0.9573
PPG-OLD,mcmaster,McMaster9.png,21.2998,34.8471,0.9521
NONE,cambridge,10.png,4794.7554,11.3231,0.1728
NONE,cambridge,11.png,1471.5272,16.4531,0.4370
NONE,cambridge,12.png,1565.0244,16.1856,0.4532
NONE,cambridge,13.png,3571.5540,12.6022,0.1418
NONE,cambridge,14.png,715.9132,19.5822,0.4800
NONE,cambridge,1.png,4693.7397,11.4156,0.2051
NONE,cambridge,2.png,4797.9668,11.3202,0.2832
NONE,cambridge,3.png,2298.7407,14.5159,0.0886
NONE,cambridge,4.png,3154.5093,13.1415,0.2344
NONE,cambridge,500.png,5264.4199,10.9173,0.1480
NONE,cambridge,5.png,14410.1523,6.5441,0.1974
NONE,cambridge,6.png,3218.9412,13.0537,0.1772
NONE,cambridge,7.png,3437.2151,12.7687,0.1816
NONE,cambridge,8.png,2241.8730,14.6247,0.2477
NONE,cambridge,9.png,4140.7173,11.9600,0.1850
NEAREST_NEIGHBOR,cambridge,10.png,182.2888,25.5232,0.8560
NEAREST_NEIGHBOR,cambridge,11.png,100.6851,28.1012,0.8951
NEAREST_NEIGHBOR,cambridge,12.png,134.0181,26.8592,0.8825
NEAREST_NEIGHBOR,cambridge,13.png,84.3493,28.8700,0.9115
NEAREST_NEIGHBOR,cambridge,14.png,6.6227,39.9205,0.9764
NEAREST_NEIGHBOR,cambridge,1.png,67.6069,29.8309,0.8484
NEAREST_NEIGHBOR,cambridge,2.png,81.8785,28.9991,0.9186
NEAREST_NEIGHBOR,cambridge,3.png,27.9038,33.6742,0.9583
NEAREST_NEIGHBOR,cambridge,4.png,38.8978,32.2316,0.9056
NEAREST_NEIGHBOR,cambridge,500.png,242.3802,24.2858,0.8476
NEAREST_NEIGHBOR,cambridge,5.png,410.3257,21.9995,0.8608
NEAREST_NEIGHBOR,cambridge,6.png,296.7767,23.4065,0.8400
NEAREST_NEIGHBOR,cambridge,7.png,310.3274,23.2126,0.8082
NEAREST_NEIGHBOR,cambridge,8.png,92.3810,28.4750,0.8643
NEAREST_NEIGHBOR,cambridge,9.png,102.1575,28.0381,0.8187
BILINEAR_MEAN,cambridge,10.png,73.8379,29.4480,0.9312
BILINEAR_MEAN,cambridge,11.png,38.0394,32.3285,0.9449
BILINEAR_MEAN,cambridge,12.png,47.6617,31.3491,0.9443
BILINEAR_MEAN,cambridge,13.png,49.3009,31.2023,0.9447
BILINEAR_MEAN,cambridge,14.png,2.3838,44.3580,0.9894
BILINEAR_MEAN,cambridge,1.png,29.5449,33.4260,0.9136
BILINEAR_MEAN,cambridge,2.png,20.5676,34.9990,0.9733
BILINEAR_MEAN,cambridge,3.png,8.5670,38.8025,0.9829
BILINEAR_MEAN,cambridge,4.png,12.8648,37.0368,0.9554
BILINEAR_MEAN,cambridge,500.png,76.7686,29.2790,0.9321
BILINEAR_MEAN,cambridge,5.png,142.9160,26.5800,0.9372
BILINEAR_MEAN,cambridge,6.png,114.1778,27.5550,0.9125
BILINEAR_MEAN,cambridge,7.png,143.6697,26.5572,0.8989
BILINEAR_MEAN,cambridge,8.png,40.5701,32.0487,0.9219
BILINEAR_MEAN,cambridge,9.png,44.7203,31.6258,0.9019
BILINEAR_MEDIAN,cambridge,10.png,68.7526,29.7579,0.9372
BILINEAR_MEDIAN,cambridge,11.png,36.6633,32.4885,0.9463
BILINEAR_MEDIAN,cambridge,12.png,44.0922,31.6872,0.9472
BILINEAR_MEDIAN,cambridge,13.png,49.5116,31.1837,0.9451
BILINEAR_MEDIAN,cambridge,14.png,1.9496,45.2314,0.9906
BILINEAR_MEDIAN,cambridge,1.png,29.5404,33.4266,0.9133
BILINEAR_MEDIAN,cambridge,2.png,19.7812,35.1683,0.9739
BILINEAR_MEDIAN,cambridge,3.png,7.8829,39.1639,0.9837
BILINEAR_MEDIAN,cambridge,4.png,12.4229,37.1886,0.9560
BILINEAR_MEDIAN,cambridge,500.png,70.3288,29.6595,0.9370
BILINEAR_MEDIAN,cambridge,5.png,133.0731,26.8899,0.9402
BILINEAR_MEDIAN,cambridge,6.png,104.0246,27.9594,0.9173
BILINEAR_MEDIAN,cambridge,7.png,139.4909,26.6853,0.9018
BILINEAR_MEDIAN,cambridge,8.png,38.4141,32.2859,0.9251
BILINEAR_MEDIAN,cambridge,9.png,44.3804,31.6589,0.9031
BICUBIC,cambridge,10.png,68.3587,29.7829,0.9344
BICUBIC,cambridge,11.png,39.7759,32.1346,0.9411
BICUBIC,cambridge,12.png,46.4278,31.4630,0.9445
BICUBIC,cambridge,13.png,60.3419,30.3246,0.9381
BICUBIC,cambridge,14.png,2.3016,44.5105,0.9893
BICUBIC,cambridge,1.png,32.6338,32.9941,0.9088
BICUBIC,cambridge,2.png,18.2091,35.5279,0.9763
BICUBIC,cambridge,3.png,7.9711,39.1156,0.9835
BICUBIC,cambridge,4.png,12.7895,37.0623,0.9546
BICUBIC,cambridge,500.png,71.0680,29.6141,0.9351
BICUBIC,cambridge,5.png,142.7051,26.5864,0.9385
BICUBIC,cambridge,6.png,110.4239,27.7002,0.9087
BICUBIC,cambridge,7.png,154.9743,26.2282,0.9037
BICUBIC,cambridge,8.png,43.2590,31.7700,0.9184
BICUBIC,cambridge,9.png,49.2308,31.2084,0.9006
MalvarHeCutler,cambridge,10.png,37.7723,32.3591,0.9619
MalvarHeCutler,cambridge,11.png,26.5769,33.8858,0.9458
MalvarHeCutler,cambridge,12.png,35.7006,32.6041,0.9345
MalvarHeCutler,cambridge,13.png,24.4329,34.2510,0.9756
MalvarHeCutler,cambridge,14.png,0.7070,49.6366,0.9956
MalvarHeCutler,cambridge,1.png,11.3753,37.5712,0.9677
MalvarHeCutler,cambridge,2.png,6.9861,39.6884,0.9905
MalvarHeCutler,cambridge,3.png,2.7079,43.8045,0.9928
MalvarHeCutler,cambridge,4.png,4.6124,41.4916,0.9829
MalvarHeCutler,cambridge,500.png,31.9477,33.0864,0.9640
MalvarHeCutler,cambridge,5.png,38.4096,32.2864,0.9789
MalvarHeCutler,cambridge,6.png,37.6261,32.3759,0.9638
MalvarHeCutler,cambridge,7.png,55.0578,30.7226,0.9655
MalvarHeCutler,cambridge,8.png,14.9155,36.3944,0.9742
MalvarHeCutler,cambridge,9.png,19.0726,35.3267,0.9596
HAMILTON_ADAMS,cambridge,10.png,15.5856,36.2036,0.9793
HAMILTON_ADAMS,cambridge,11.png,20.6415,34.9834,0.9582
HAMILTON_ADAMS,cambridge,12.png,28.8193,33.5340,0.9506
HAMILTON_ADAMS,cambridge,13.png,22.3462,34.6388,0.9785
HAMILTON_ADAMS,cambridge,14.png,0.4748,51.3653,0.9964
HAMILTON_ADAMS,cambridge,1.png,10.5410,37.9020,0.9689
HAMILTON_ADAMS,cambridge,2.png,4.8838,41.2432,0.9932
HAMILTON_ADAMS,cambridge,3.png,1.9792,45.1660,0.9942
HAMILTON_ADAMS,cambridge,4.png,3.3256,42.9121,0.9857
HAMILTON_ADAMS,cambridge,500.png,13.1989,36.9254,0.9809
HAMILTON_ADAMS,cambridge,5.png,29.3296,33.4577,0.9842
HAMILTON_ADAMS,cambridge,6.png,31.6129,33.1322,0.9681
HAMILTON_ADAMS,cambridge,7.png,42.1944,31.8783,0.9731
HAMILTON_ADAMS,cambridge,8.png,7.1621,39.5804,0.9833
HAMILTON_ADAMS,cambridge,9.png,15.8598,36.1278,0.9678
PPG,cambridge,10.png,30.1705,33.3350,0.9717
PPG,cambridge,11.png,23.1994,34.4760,0.9627
PPG,cambridge,12.png,29.7462,33.3965,0.9626
PPG,cambridge,13.png,41.6468,31.9350,0.9591
PPG,cambridge,14.png,1.0790,47.8006,0.9941
PPG,cambridge,1.png,19.3929,35.2544,0.9437
PPG,cambridge,2.png,10.4565,37.9369,0.9866
PPG,cambridge,3.png,3.0047,43.3528,0.9914
PPG,cambridge,4.png,7.8221,39.1976,0.9728
PPG,cambridge,500.png,27.3525,33.7608,0.9727
PPG,cambridge,5.png,58.7973,30.4372,0.9700
PPG,cambridge,6.png,56.1271,30.6391,0.9516
PPG,cambridge,7.png,79.6271,29.1202,0.9487
PPG,cambridge,8.png,19.8696,35.1489,0.9588
PPG,cambridge,9.png,26.8633,33.8392,0.9455
RCD,cambridge,10.png,11.2852,37.6057,0.9863
RCD,cambridge,11.png,18.0299,35.5709,0.9673
RCD,cambridge,12.png,19.7007,35.1860,0.9694
RCD,cambridge,13.png,19.4962,35.2313,0.9808
RCD,cambridge,14.png,0.4215,51.8831,0.9967
RCD,cambridge,1.png,10.0181,38.1230,0.9697
RCD,cambridge,2.png,4.0121,42.0971,0.9943
RCD,cambridge,3.png,1.5142,46.3290,0.9952
RCD,cambridge,4.png,3.2274,43.0422,0.9865
RCD,cambridge,500.png,8.3823,38.8972,0.9927
RCD,cambridge,5.png,25.7426,34.0243,0.9867
RCD,cambridge,6.png,29.9497,33.3669,0.9702
RCD,cambridge,7.png,30.0129,33.3577,0.9791
RCD,cambridge,8.png,6.2425,40.1772,0.9838
RCD,cambridge,9.png,14.3288,36.5687,0.9727
RCD_REWRITE,cambridge,10.png,11.2852,37.6057,0.9863
RCD_REWRITE,cambridge,11.png,18.0299,35.5709,0.9673
RCD_REWRITE,cambridge,12.png,19.7007,35.1860,0.9694
RCD_REWRITE,cambridge,13.png,19.4962,35.2313,0.9808
RCD_REWRITE,cambridge,14.png,0.4215,51.8831,0.9967
RCD_REWRITE,cambridge,1.png,10.0181,38.1230,0.9697
RCD_REWRITE,cambridge,2.png,4.0121,42.0971,0.9943
RCD_REWRITE,cambridge,3.png,1.5142,46.3290,0.9952
RCD_REWRITE,cambridge,4.png,3.2274,43.0422,0.9865
RCD_REWRITE,cambridge,500.png,8.3823,38.8972,0.9927
RCD_REWRITE,cambridge,5.png,25.7426,34.0243,0.9867
RCD_REWRITE,cambridge,6.png,29.9497,33.3669,0.9702
RCD_REWRITE,cambridge,7.png,30.0129,33.3577,0.9791
RCD_REWRITE,cambridge,8.png,6.2425,40.1772,0.9838
RCD_REWRITE,cambridge,9.png,14.3288,36.5687,0.9727
DLMMSE_REWRITE_CODE,cambridge,10.png,18.9586,35.3527,0.9755
DLMMSE_REWRITE_CODE,cambridge,11.png,25.6464,34.0405,0.9476
DLMMSE_REWRITE_CODE,cambridge,12.png,39.5063,32.1641,0.9351
DLMMSE_REWRITE_CODE,cambridge,13.png,12.2395,37.2532,0.9862
DLMMSE_REWRITE_CODE,cambridge,14.png,0.3213,53.0623,0.9974
DLMMSE_REWRITE_CODE,cambridge,1.png,4.9019,41.2272,0.9833
DLMMSE_REWRITE_CODE,cambridge,2.png,4.5827,41.5196,0.9941
DLMMSE_REWRITE_CODE,cambridge,3.png,1.0621,47.8691,0.9955
DLMMSE_REWRITE_CODE,cambridge,4.png,2.7528,43.7331,0.9892
DLMMSE_REWRITE_CODE,cambridge,500.png,12.6923,37.0954,0.9822
DLMMSE_REWRITE_CODE,cambridge,5.png,13.0487,36.9751,0.9904
DLMMSE_REWRITE_CODE,cambridge,6.png,21.9138,34.7236,0.9763
DLMMSE_REWRITE_CODE,cambridge,7.png,26.5879,33.8840,0.9818
DLMMSE_REWRITE_CODE,cambridge,8.png,5.1569,41.0069,0.9904
DLMMSE_REWRITE_CODE,cambridge,9.png,10.9563,37.7342,0.9747
DLMMSE_REWRITE_PAPER,cambridge,10.png,19.6102,35.2060,0.9745
DLMMSE_REWRITE_PAPER,cambridge,11.png,27.8299,33.6857,0.9437
DLMMSE_REWRITE_PAPER,cambridge,12.png,44.4902,31.6482,0.9284
DLMMSE_REWRITE_PAPER,cambridge,13.png,11.6202,37.4787,0.9865
DLMMSE_REWRITE_PAPER,cambridge,14.png,0.3047,53.2922,0.9975
DLMMSE_REWRITE_PAPER,cambridge,1.png,4.5163,41.5830,0.9841
DLMMSE_REWRITE_PAPER,cambridge,2.png,5.2418,40.9360,0.9936
DLMMSE_REWRITE_PAPER,cambridge,3.png,1.0315,47.9963,0.9955
DLMMSE_REWRITE_PAPER,cambridge,4.png,2.8296,43.6136,0.9891
DLMMSE_REWRITE_PAPER,cambridge,500.png,12.5898,37.1306,0.9817
DLMMSE_REWRITE_PAPER,cambridge,5.png,11.3944,37.5639,0.9906
DLMMSE_REWRITE_PAPER,cambridge,6.png,22.7929,34.5528,0.9755
DLMMSE_REWRITE_PAPER,cambridge,7.png,27.4197,33.7502,0.9813
DLMMSE_REWRITE_PAPER,cambridge,8.png,5.1086,41.0478,0.9909
DLMMSE_REWRITE_PAPER,cambridge,9.png,10.8426,37.7795,0.9742
DLMMSE_CODE,cambridge,10.png,18.9586,35.3527,0.9755
DLMMSE_CODE,cambridge,11.png,25.6464,34.0405,0.9476
DLMMSE_CODE,cambridge,12.png,39.5063,32.1641,0.9351
DLMMSE_CODE,cambridge,13.png,12.2395,37.2532,0.9862
DLMMSE_CODE,cambridge,14.png,0.3213,53.0623,0.9974
DLMMSE_CODE,cambridge,1.png,4.9019,41.2272,0.9833
DLMMSE_CODE,cambridge,2.png,4.5827,41.5196,0.9941
DLMMSE_CODE,cambridge,3.png,1.0621,47.8691,0.9955
DLMMSE_CODE,cambridge,4.png,2.7528,43.7331,0.9892
DLMMSE_CODE,cambridge,500.png,12.6923,37.0954,0.9822
DLMMSE_CODE,cambridge,5.png,13.0487,36.9751,0.9904
DLMMSE_CODE,cambridge,6.png,21.9138,34.7236,0.9763
DLMMSE_CODE,cambridge,7.png,26.5879,33.8840,0.9818
DLMMSE_CODE,cambridge,8.png,5.1569,41.0069,0.9904
DLMMSE_CODE,cambridge,9.png,10.9562,37.7342,0.9747
DLMMSE_PAPER,cambridge,10.png,19.6102,35.2060,0.9745
DLMMSE_PAPER,cambridge,11.png,27.8299,33.6857,0.9437
DLMMSE_PAPER,cambridge,12.png,44.4902,31.6482,0.9284
DLMMSE_PAPER,cambridge,13.png,11.6202,37.4787,0.9865
DLMMSE_PAPER,cambridge,14.png,0.3047,53.2922,0.9975
DLMMSE_PAPER,cambridge,1.png,4.5163,41.5830,0.9841
DLMMSE_PAPER,cambridge,2.png,5.2418,40.9360,0.9936
DLMMSE_PAPER,cambridge,3.png,1.0315,47.9963,0.9955
DLMMSE_PAPER,cambridge,4.png,2.8296,43.6136,0.9891
DLMMSE_PAPER,cambridge,500.png,12.5898,37.1306,0.9817
DLMMSE_PAPER,cambridge,5.png,11.3944,37.5639,0.9906
DLMMSE_PAPER,cambridge,6.png,22.7929,34.5528,0.9755
DLMMSE_PAPER,cambridge,7.png,27.4197,33.7502,0.9813
DLMMSE_PAPER,cambridge,8.png,5.1086,41.0478,0.9909
DLMMSE_PAPER,cambridge,9.png,10.8426,37.7795,0.9742
DLMMSE_RCD,cambridge,10.png,15.8851,36.1209,0.9795
DLMMSE_RCD,cambridge,11.png,22.8196,34.5477,0.9519
DLMMSE_RCD,cambridge,12.png,33.5857,32.8693,0.9414
DLMMSE_RCD,cambridge,13.png,12.3953,37.1982,0.9863
DLMMSE_RCD,cambridge,14.png,0.2863,53.5625,0.9976
DLMMSE_RCD,cambridge,1.png,4.6918,41.4174,0.9840
DLMMSE_RCD,cambridge,2.png,4.0191,42.0895,0.9947
DLMMSE_RCD,cambridge,3.png,0.9581,48.3165,0.9957
DLMMSE_RCD,cambridge,4.png,2.6233,43.9424,0.9896
DLMMSE_RCD,cambridge,500.png,7.9541,39.1249,0.9903
DLMMSE_RCD,cambridge,5.png,12.3093,37.2285,0.9911
DLMMSE_RCD,cambridge,6.png,20.0808,35.1030,0.9774
DLMMSE_RCD,cambridge,7.png,24.4239,34.2526,0.9835
DLMMSE_RCD,cambridge,8.png,4.7637,41.3513,0.9910
DLMMSE_RCD,cambridge,9.png,10.6031,37.8765,0.9760
DLMMSE_RCD_PAPER,cambridge,10.png,16.6428,35.9185,0.9784
DLMMSE_RCD_PAPER,cambridge,11.png,24.9027,34.1683,0.9478
DLMMSE_RCD_PAPER,cambridge,12.png,38.4496,32.2819,0.9345
DLMMSE_RCD_PAPER,cambridge,13.png,11.7900,37.4156,0.9865
DLMMSE_RCD_PAPER,cambridge,14.png,0.2718,53.7878,0.9976
DLMMSE_RCD_PAPER,cambridge,1.png,4.3154,41.7806,0.9847
DLMMSE_RCD_PAPER,cambridge,2.png,4.6645,41.4427,0.9941
DLMMSE_RCD_PAPER,cambridge,3.png,0.9311,48.4409,0.9957
DLMMSE_RCD_PAPER,cambridge,4.png,2.7154,43.7925,0.9895
DLMMSE_RCD_PAPER,cambridge,500.png,7.7808,39.2205,0.9898
DLMMSE_RCD_PAPER,cambridge,5.png,10.7312,37.8243,0.9913
DLMMSE_RCD_PAPER,cambridge,6.png,21.0643,34.8953,0.9764
DLMMSE_RCD_PAPER,cambridge,7.png,25.3519,34.0907,0.9830
DLMMSE_RCD_PAPER,cambridge,8.png,4.7251,41.3867,0.9914
DLMMSE_RCD_PAPER,cambridge,9.png,10.5546,37.8964,0.9754
DLMMSE_RCD_REWRITE,cambridge,10.png,15.8864,36.1205,0.9795
DLMMSE_RCD_REWRITE,cambridge,11.png,22.7977,34.5519,0.9519
DLMMSE_RCD_REWRITE,cambridge,12.png,33.6104,32.8661,0.9413
DLMMSE_RCD_REWRITE,cambridge,13.png,12.3727,37.2062,0.9863
DLMMSE_RCD_REWRITE,cambridge,14.png,0.2863,53.5625,0.9976
DLMMSE_RCD_REWRITE,cambridge,1.png,4.6746,41.4334,0.9841
DLMMSE_RCD_REWRITE,cambridge,2.png,4.0017,42.1084,0.9947
DLMMSE_RCD_REWRITE,cambridge,3.png,0.9562,48.3251,0.9957
DLMMSE_RCD_REWRITE,cambridge,4.png,2.6174,43.9521,0.9896
DLMMSE_RCD_REWRITE,cambridge,500.png,7.9566,39.1235,0.9903
DLMMSE_RCD_REWRITE,cambridge,5.png,12.3034,37.2305,0.9911
DLMMSE_RCD_REWRITE,cambridge,6.png,20.1232,35.0938,0.9774
DLMMSE_RCD_REWRITE,cambridge,7.png,24.4493,34.2481,0.9835
DLMMSE_RCD_REWRITE,cambridge,8.png,4.7534,41.3607,0.9910
DLMMSE_RCD_REWRITE,cambridge,9.png,10.6028,37.8766,0.9761
DLMMSE_RCD_REWRITE_PAPER,cambridge,10.png,16.6504,35.9166,0.9785
DLMMSE_RCD_REWRITE_PAPER,cambridge,11.png,24.8722,34.1737,0.9478
DLMMSE_RCD_REWRITE_PAPER,cambridge,12.png,38.4682,32.2798,0.9345
DLMMSE_RCD_REWRITE_PAPER,cambridge,13.png,11.7762,37.4208,0.9866
DLMMSE_RCD_REWRITE_PAPER,cambridge,14.png,0.2718,53.7878,0.9976
DLMMSE_RCD_REWRITE_PAPER,cambridge,1.png,4.2946,41.8016,0.9848
DLMMSE_RCD_REWRITE_PAPER,cambridge,2.png,4.6637,41.4435,0.9941
DLMMSE_RCD_REWRITE_PAPER,cambridge,3.png,0.9298,48.4471,0.9957
DLMMSE_RCD_REWRITE_PAPER,cambridge,4.png,2.7106,43.8001,0.9896
DLMMSE_RCD_REWRITE_PAPER,cambridge,500.png,7.7808,39.2206,0.9898
DLMMSE_RCD_REWRITE_PAPER,cambridge,5.png,10.7370,37.8220,0.9913
DLMMSE_RCD_REWRITE_PAPER,cambridge,6.png,21.1104,34.8858,0.9764
DLMMSE_RCD_REWRITE_PAPER,cambridge,7.png,25.3660,34.0883,0.9830
DLMMSE_RCD_REWRITE_PAPER,cambridge,8.png,4.7161,41.3950,0.9915
DLMMSE_RCD_REWRITE_PAPER,cambridge,9.png,10.5533,37.8969,0.9755
BILINEAR_MEAN-GPU,cambridge,10.png,73.8359,29.4481,0.9312
BILINEAR_MEAN-GPU,cambridge,11.png,38.0380,32.3286,0.9449
BILINEAR_MEAN-GPU,cambridge,12.png,47.6588,31.3494,0.9443
BILINEAR_MEAN-GPU,cambridge,13.png,49.3035,31.2020,0.9447
BILINEAR_MEAN-GPU,cambridge,14.png,2.3844,44.3570,0.9894
BILINEAR_MEAN-GPU,cambridge,1.png,29.5448,33.4260,0.9136
BILINEAR_MEAN-GPU,cambridge,2.png,20.5672,34.9991,0.9733
BILINEAR_MEAN-GPU,cambridge,3.png,8.5678,38.8021,0.9829
BILINEAR_MEAN-GPU,cambridge,4.png,12.8656,37.0365,0.9554
BILINEAR_MEAN-GPU,cambridge,500.png,76.7601,29.2794,0.9321
BILINEAR_MEAN-GPU,cambridge,5.png,142.9143,26.5800,0.9372
BILINEAR_MEAN-GPU,cambridge,6.png,114.1743,27.5551,0.9125
BILINEAR_MEAN-GPU,cambridge,7.png,143.6674,26.5572,0.8989
BILINEAR_MEAN-GPU,cambridge,8.png,40.5706,32.0487,0.9219
BILINEAR_MEAN-GPU,cambridge,9.png,44.7225,31.6255,0.9019
RCD-GPU,cambridge,10.png,11.2843,37.6060,0.9863
RCD-GPU,cambridge,11.png,18.0229,35.5726,0.9673
RCD-GPU,cambridge,12.png,19.7502,35.1751,0.9694
RCD-GPU,cambridge,13.png,19.4956,35.2314,0.9808
RCD-GPU,cambridge,14.png,0.4213,51.8849,0.9967
RCD-GPU,cambridge,1.png,10.0189,38.1226,0.9697
RCD-GPU,cambridge,2.png,4.0147,42.0943,0.9943
RCD-GPU,cambridge,3.png,1.5154,46.3255,0.9952
RCD-GPU,cambridge,4.png,3.2274,43.0423,0.9865
RCD-GPU,cambridge,500.png,8.3813,38.8977,0.9927
RCD-GPU,cambridge,5.png,25.6928,34.0327,0.9867
RCD-GPU,cambridge,6.png,29.6478,33.4109,0.9702
RCD-GPU,cambridge,7.png,30.0114,33.3579,0.9791
RCD-GPU,cambridge,8.png,6.2407,40.1784,0.9838
RCD-GPU,cambridge,9.png,14.3286,36.5688,0.9727
NONE,cambridge,10.png,4794.7554,11.3231,0.1728
